#{"t_start": 1784557656.7436597, "env_id": "LunarLanderContinuous-v3"}
r,l,t
-319.060007,148,1.054932
-221.001753,101,1.067485
-282.313985,116,1.081253
-50.889101,93,1.09251
-226.209692,121,1.107686
-127.46359,83,1.117782
-331.295642,98,1.129594
-201.936655,118,1.143998
-112.213124,96,1.155952
-154.817678,116,1.170063
-114.25577,129,1.185583
-93.550869,86,1.195963
-269.226719,126,1.211477
-382.078957,108,1.224301
-450.472241,80,1.233855
-3.860097,119,1.248593
-443.254358,108,1.262627
-74.112941,78,1.272624
-290.369547,117,1.287127
-309.470091,133,1.3032
-365.546581,111,1.317033
-92.645221,99,1.32882
-180.528809,135,1.345146
-76.363231,84,1.355435
-190.496356,128,1.37198
33.354023,139,1.389282
-109.484942,145,1.406653
-279.870266,80,1.416499
-291.831176,157,1.435906
-456.953253,168,1.456855
-292.305638,91,1.468287
-159.689668,122,1.482954
-152.869613,63,1.491288
-398.790014,171,1.511575
-219.312322,127,1.526707
-82.198868,89,1.537414
-226.317798,120,1.552491
-281.082131,121,1.56689
-357.311197,90,1.577699
-134.224661,96,1.589373
-39.311762,75,1.59897
-235.536105,99,1.610738
-315.335642,128,1.62593
-6.348231,111,1.639303
-336.264891,101,1.652262
-136.191531,119,1.666428
-147.717911,77,1.675813
-359.01082,105,1.688559
-127.632372,137,1.705278
-380.134233,103,1.717375
-109.929187,74,1.72632
-114.597835,71,1.734858
-206.887398,151,1.753924
-449.068987,114,1.768612
-132.439415,142,1.786454
-68.835654,81,1.796216
-271.593571,101,1.808591
-138.512397,123,1.82322
-58.937597,72,1.831925
-236.950801,95,1.843326
-175.357545,174,1.864584
-186.922922,92,1.876125
-120.926808,119,1.890357
-72.708664,66,1.898382
-251.706648,113,1.912335
-60.015601,82,1.92219
-153.463443,167,1.941756
-274.488871,90,1.952571
-438.792407,106,1.965733
-276.429002,129,1.981797
-46.634403,108,1.99492
-272.584616,108,2.007674
-160.740622,110,2.021044
-360.021973,110,2.034161
-330.785604,95,2.045637
-65.873795,117,2.059695
-53.063394,89,2.070892
-76.526703,75,2.080096
-523.861572,133,2.096183
-378.416322,103,2.108486
-52.125149,77,2.11819
-76.382931,86,2.128452
-249.72523,113,2.141683
-123.251268,84,2.151995
-83.446476,120,2.166692
-307.0287,105,2.179485
-278.255852,94,2.190804
-227.350424,96,2.202291
-288.44315,156,2.221272
-344.496793,112,2.234674
-254.621996,129,2.250036
-159.22528,157,3.33952
-125.563455,127,3.949758
-62.454775,214,4.981977
-106.651117,299,6.41621
-89.765018,417,8.4027
-181.585813,437,10.491709
-87.201329,1000,15.268727
-20.461667,1000,20.061309
-223.564538,864,24.202683
-129.196032,337,25.81793
-103.002648,393,27.694022
-183.396871,618,30.520052
-115.006426,255,31.56401
-115.241175,268,32.667558
-265.672665,944,36.5617
-103.525664,305,37.808398
16.601668,147,38.407842
29.509744,200,39.231951
28.698346,165,39.910301
-25.445845,184,40.664357
-37.207095,167,41.351861
-16.980344,169,42.050181
-4.2843,183,42.800967
-37.730214,125,43.316805
-355.078693,197,44.132898
-24.887321,551,46.398704
-0.73119,139,46.966869
-330.653189,351,50.08674
-208.584847,745,53.141246
-227.684584,573,55.512886
-208.209511,1000,59.710952
-207.263253,362,61.192782
188.93655,513,63.302276
-68.284814,167,63.991298
31.122859,1000,68.33534
-29.13662,172,69.156692
215.29365,564,71.85257
-27.283385,163,72.631079
-6.542806,150,73.34407
-63.257649,171,74.163225
-65.549529,192,75.083532
1.848924,131,75.709476
-212.346344,594,78.543027
-28.887345,260,79.781996
-405.769212,986,84.387915
-16.674682,1000,88.51784
91.018557,632,91.141229
-90.630363,583,96.131243
20.524419,1000,100.247496
-149.895068,337,101.629067
21.418873,1000,105.727941
199.601895,593,108.170611
3.832479,1000,112.917635
3.553077,1000,117.732254
-114.441696,1000,122.528877
-29.377133,1000,127.30873
47.143597,1000,132.084186
29.006046,1000,136.893251
47.761633,1000,144.528349
-142.283986,922,148.461737
16.216167,1000,153.211821
45.883582,1000,158.028196
-27.307413,1000,162.852758
43.66299,1000,167.457264
171.64819,518,169.593483
-194.448967,179,170.328334
27.946915,191,171.116692
196.191587,422,172.858794
-13.296057,1000,177.076853
-34.340413,268,178.357397
30.947001,131,178.98568
211.049144,446,180.941046
51.89854,215,181.823745
194.521847,391,183.427879
87.819561,616,186.320954
16.63305,195,187.253526
143.949169,751,191.813587
31.248914,236,192.939076
26.746342,207,193.92647
40.260291,272,195.23594
36.022724,229,196.332089
49.559696,1000,201.131801
282.415065,331,202.7152
-3.636173,188,203.622789
-10.727646,219,204.66428
-3.01852,225,205.736498
-43.652915,97,206.197738
-20.345313,132,206.834943
-42.457505,153,207.564987
-68.777046,558,210.245464
18.531703,179,211.119969
62.329004,1000,215.925919
-133.690509,141,216.596107
-89.873421,304,218.054968
21.259815,1000,222.254153
46.381667,1000,226.53969
-228.723947,436,228.338608
45.680596,1000,232.595964
39.24027,1000,239.890356
32.450403,1000,244.69273
18.720614,1000,249.501055
-22.67405,236,250.640331
-65.626535,438,252.668097
31.077012,1000,257.217983
-32.703717,334,258.816628
-15.731268,1000,263.621367
193.163542,416,265.616859
-0.195234,107,266.129214
-20.840157,1000,270.807681
10.340448,1000,274.926526
29.960981,1000,279.09667
-36.213478,1000,283.237123
30.581637,185,283.994842
27.976979,186,286.027124
38.968258,1000,290.168461
-6.82205,108,290.6124
-53.456164,1000,294.738129
6.137739,1000,299.256365
59.060494,1000,304.061939
46.151437,1000,308.561889
202.044557,414,310.490379
-44.05272,110,311.017145
0.546948,171,311.839898
48.544756,176,312.681993
39.741696,1000,317.515924
-32.803111,1000,322.331945
-16.569654,194,323.259694
-0.223287,157,324.012061
-124.410783,269,325.292167
-211.764245,287,326.680609
55.968839,1000,331.314048
29.652799,1000,338.289504
69.751935,1000,342.76803
28.434256,1000,346.912863
194.323151,555,349.228342
-46.922924,193,350.029969
-11.599171,261,351.109533
48.926443,1000,355.415943
-3.951934,1000,359.754159
206.793717,666,362.827126
200.478575,235,363.955929
50.474756,1000,368.784424
-7.492004,1000,373.130326
56.365136,1000,377.348011
-88.01606,803,383.548042
90.40373,1000,388.332955
168.285768,314,389.837067
177.254667,301,391.275172
190.494771,716,394.73827
224.355273,459,396.944068
61.201196,1000,401.777902
84.579475,1000,406.617787
67.991639,1000,411.460826
35.044896,703,414.836283
54.564726,1000,419.636269
22.297547,1000,424.458303
111.782365,810,431.060656
167.71828,311,432.357024
31.988371,1000,436.536611
88.52635,1000,440.676809
67.353271,1000,444.872895
-144.668984,481,446.896796
137.784844,590,449.34041
85.960926,1000,453.474351
-60.199351,1000,457.615878
248.446005,605,460.116735
117.566661,1000,464.289578
-122.385164,459,466.190764
198.443208,593,468.640098
270.01386,239,469.673127
270.299656,250,470.781281
50.973937,194,471.581736
183.168575,493,475.906361
229.896095,288,477.095618
268.051271,273,478.226534
272.107901,376,479.785634
216.912487,594,482.535567
231.82754,484,484.868742
24.226782,238,486.014218
256.619659,558,488.688931
228.275624,350,490.379798
205.308343,343,492.036196
19.727066,201,493.003305
238.313883,545,495.620838
210.283234,345,497.276476
10.400935,150,497.998937
245.527341,425,500.031627
275.430841,266,501.311056
-1.536544,154,502.049571
296.590992,361,503.736602
234.46155,533,505.95974
183.559193,282,507.12223
274.872425,262,508.299437
244.786233,304,509.763745
272.218675,228,510.864871
215.988873,258,512.109388
262.708238,517,514.60438
234.449857,409,516.390847
254.043353,283,517.568123
21.358417,181,518.310901
241.86238,281,519.479316
283.854112,261,520.768379
-88.695583,412,523.766736
-174.221745,354,525.457103
249.475282,366,527.214136
253.784719,258,528.403822
174.528978,477,530.67209
268.142798,411,532.64741
258.909254,341,534.293371
271.081314,287,535.647868
253.105548,225,536.573597
265.628749,278,537.720754
208.082718,268,538.862616
256.859131,451,541.032342
182.825705,406,542.986108
-325.685762,515,545.465043
252.462476,279,546.80779
245.630416,325,548.372118
260.318977,783,551.697986
-1.882685,1000,555.865952
261.681245,471,558.120816
249.157141,624,561.122485
258.540033,254,562.344906
262.8479,367,563.953501
9.279093,1000,569.231823
281.274751,333,570.629681
276.04227,367,572.146526
239.351055,478,574.12666
290.036055,416,575.853444
242.58749,199,576.67614
238.838671,563,578.998858
238.795713,238,579.977947
242.01976,304,581.233954
-268.067686,446,583.085282
251.625752,298,584.310275
275.13287,340,585.728504
239.429998,266,586.829081
247.895703,255,588.042817
245.694021,240,589.198087
257.494678,360,590.804481
249.015736,242,591.805882
221.714822,470,593.813604
246.391599,340,595.216625
254.610482,264,596.307883
270.861948,219,597.215345
226.497812,285,598.39586
213.378239,625,600.976693
231.279953,302,602.228572
241.331133,430,604.015699
247.108332,328,605.373269
248.885425,380,606.957076
231.062953,212,607.830621
226.503175,361,609.322194
231.536667,233,610.279305
262.055658,377,613.284613
280.482657,365,615.054064
255.559153,280,616.39426
284.509148,358,618.117112
-75.621747,114,618.661896
275.256622,271,619.95071
264.163908,238,621.100188
224.209043,493,623.478234
275.285201,243,624.506896
0.74743,295,625.72929
230.965885,726,628.745137
-31.441028,268,629.855038
188.258503,441,631.681427
189.572158,440,633.582022
209.218962,267,634.878668
218.398131,300,636.338003
255.0459,232,637.456734
213.495497,318,638.987584
162.540512,585,641.580162
225.837974,507,643.678207
209.303788,746,646.7765
253.867527,338,648.174721
222.28145,492,650.210045
239.491296,306,651.47731
197.393951,341,652.891351
245.412049,445,654.733346
209.453184,271,655.852349
232.318228,279,658.178926
222.768362,197,658.995373
208.275767,636,661.633356
165.715644,425,663.398617
249.713045,368,664.935985
277.257263,256,665.996995
174.887725,397,667.712382
263.861007,247,668.903238
-60.81874,1000,673.720911
279.630317,254,674.936715
270.095865,218,675.982387
218.64587,231,677.097163
228.296442,246,678.283935
223.000703,284,679.654161
-293.008714,388,681.529847
276.143062,366,683.294955
285.067721,385,685.151613
238.026538,234,686.272814
264.465416,354,687.966169
223.869838,626,690.981037
260.490103,318,692.518748
238.865789,322,694.080565
248.951851,317,695.493558
275.289169,390,697.115577
265.905824,349,698.552722
276.061044,212,699.42261
236.165733,268,700.563107
260.963047,298,701.792657
283.874194,198,703.988222
273.326479,351,705.439974
255.080468,188,706.250734
253.813208,342,707.671752
262.833764,320,709.216439
266.357298,418,711.234499
249.16975,294,712.647211
216.883957,422,714.685756
250.033847,218,715.732984
251.40712,327,717.311317
223.213388,326,718.882556
267.200384,212,719.803195
293.8812,215,720.694752
282.700687,347,722.127464
241.776537,340,723.532927
277.311689,387,725.146443
281.8705,442,726.990272
294.314693,238,727.974745
-4.20637,154,728.609849
277.23086,370,730.144
270.566497,240,731.138486
268.154264,240,732.134137
276.778174,402,733.798528
273.248195,267,734.901967
295.388062,274,736.03397
240.161195,284,737.20849
242.76002,386,738.804247
245.804756,306,740.073915
236.862151,308,741.368742
253.777206,244,742.540989
228.75744,416,744.542978
172.334921,1000,750.477833
282.177122,223,751.552621
214.460516,324,753.121642
225.921986,393,754.792611
231.293293,288,755.990785
245.319241,347,757.432737
236.441703,376,759.180529
238.068406,252,760.320027
253.357808,302,761.57459
269.812348,403,763.243265
222.356297,343,764.658963
218.21866,344,766.16622
262.39904,273,767.317656
290.958831,183,768.069804
212.09077,294,769.283667
273.93276,390,770.893797
285.111799,231,771.86659
227.6253,368,773.538882
284.285499,219,774.463913
154.104947,1000,778.619238
249.063814,389,780.23313
249.400474,365,781.744522
231.216829,400,783.40334
241.623921,281,784.607344
250.028905,199,785.435331
239.592412,261,786.519618
11.927948,132,787.068203
274.785785,183,787.898007
215.18297,324,789.455338
271.803038,388,791.328706
264.937014,353,794.038105
295.790993,173,794.876163
235.492888,289,796.264678
203.661865,266,797.545738
31.091948,145,798.239452
253.369143,277,799.571832
265.216949,250,800.771754
-246.07928,391,802.680656
251.210344,322,804.227754
203.889139,343,805.88289
254.645769,229,806.984084
251.921235,230,808.082634
244.361227,352,809.770123
255.133032,266,811.050065
227.806701,315,812.567299
217.627044,290,813.957413
274.579136,216,814.988362
260.680301,203,815.964447
247.165642,257,817.171332
277.216164,188,818.075257
269.649287,251,819.288986
215.352193,455,821.486021
253.037788,285,822.864822
264.522,227,823.952919
234.701257,497,826.160656
266.298331,247,827.174073
232.610288,314,828.476851
230.434053,259,829.548943
195.290462,399,831.200151
246.374854,268,832.436006
-70.288362,192,833.242123
259.564494,275,834.518595
301.318895,289,835.916332
246.841462,241,837.077298
232.996694,320,838.611122
243.1457,258,839.86341
259.280636,369,842.48995
298.671243,213,843.367846
233.414115,324,844.703545
275.460185,243,845.711289
245.261661,284,846.886119
176.335369,545,849.149372
288.817045,179,849.888659
265.797704,499,851.966052
286.511744,196,852.777263
237.55826,405,854.449387
197.094312,479,856.421393
240.587077,322,857.816372
254.888195,303,859.070779
284.046248,213,859.953529
221.541637,299,861.192123
239.011138,249,862.218449
282.01148,335,863.598992
255.568919,204,864.441044
251.42252,398,866.11528
291.66157,214,866.998566
291.976336,310,868.275366
269.424909,209,869.138568
284.800691,242,870.135543
277.469196,177,870.9107
248.050329,261,872.169334
289.432086,313,873.666352
255.25775,304,875.154678
-8.349498,223,876.225821
243.480219,409,878.211921
230.722676,277,879.553202
235.76244,217,880.599025
282.32041,236,881.61083
255.162734,348,883.051279
260.51311,341,885.593
262.34967,334,886.976552
235.759246,356,888.450742
236.260476,187,889.22018
291.03259,292,890.49293
295.515119,199,891.317076
240.262514,258,892.385907
255.589363,190,893.176143
304.647315,211,894.063028
231.934072,182,894.816232
247.353028,267,896.086906
220.152658,212,897.043079
279.076103,185,897.804889
247.265733,191,898.598907
271.668985,170,899.308363
271.856948,177,900.039566
253.872671,512,902.165075
241.01329,252,903.227165
238.222035,374,904.775593
257.514174,352,906.236668
268.199038,223,907.16403
307.020025,215,908.055089
241.331617,199,908.879028
273.89225,222,909.793423
290.008998,297,911.025815
258.529589,199,911.851109
286.47859,308,913.128604
242.712077,209,913.993778
271.078168,230,914.943467
191.391655,276,916.084647
136.487837,724,919.08868
268.222658,314,920.390462
285.022729,258,921.459689
220.335041,201,922.412369
240.175678,403,924.35193
274.770031,203,925.337325
280.642446,265,926.533237
174.068651,491,929.530016
248.852959,182,930.283563
230.55421,463,932.251915
298.202484,261,933.332002
262.794553,202,934.165224
222.480609,549,936.425765
272.80091,259,937.494529
270.46582,309,938.769567
289.407038,240,939.763748
269.952933,318,941.073065
210.844763,341,942.476567
269.387431,225,943.406255
272.424092,301,944.648425
246.965536,207,945.545855
279.893759,271,946.853654
291.90382,319,948.388805
-21.79839,97,948.854891
249.079619,207,949.853641
154.407983,811,953.777689
217.304986,287,955.161215
267.873182,260,956.413351
296.467615,304,957.882451
259.445084,348,959.558783
238.40417,199,960.517083
262.901712,310,962.005838
218.776026,283,963.297799
261.364522,272,964.419873
289.321614,221,965.387409
277.752254,322,966.943098
254.716166,323,968.489776
224.514359,210,969.498705
271.819117,355,971.143262
252.987988,302,972.395875
215.49591,282,974.781748
276.440518,229,975.739156
283.155025,257,976.809754
286.964377,404,978.480248
251.920861,210,979.351189
290.247516,227,980.292149
278.523034,336,981.683091
253.308263,341,983.098492
266.448865,318,984.447325
259.233852,225,985.380816
242.461154,536,987.606723
238.737194,208,988.464778
268.147769,284,989.634263
274.771224,251,990.67506
227.129471,183,991.427462
267.177972,233,992.479244
272.84083,222,993.548299
225.110446,303,995.000819
279.680744,268,996.293875
278.436688,329,997.886286
-141.605521,945,1002.428988
246.662096,284,1003.812653
188.135266,671,1007.058467
267.198038,345,1008.728796
241.040823,425,1010.780028
261.505031,228,1011.887531
284.556058,320,1013.43383
263.903297,314,1014.901587
298.492071,257,1016.055588
264.108881,177,1016.911339
273.883224,216,1017.950523
276.678812,336,1019.56899
250.465329,292,1022.001443
-138.43238,832,1025.548066
261.278452,325,1026.898945
270.812554,339,1028.325552
279.561203,228,1029.269745
255.769734,205,1030.154764
230.012799,208,1031.015417
282.294808,347,1032.466645
271.917793,237,1033.450662
280.003495,344,1034.876841
282.192081,305,1036.141571
266.656073,217,1037.056956
284.128536,299,1038.288038
271.407939,347,1039.717132
260.254907,251,1040.758568
270.570059,251,1041.802397
265.276104,263,1042.892772
266.482571,305,1044.164623
229.084725,266,1045.264017
247.689759,217,1046.172165
294.871914,265,1047.274654
249.310264,185,1048.04403
266.35718,227,1048.984634
272.168271,312,1050.270299
280.519833,169,1050.968428
249.688037,178,1051.696802
263.773382,308,1052.965586
283.679614,285,1054.168389
267.72919,232,1055.125186
276.602577,211,1055.992495
241.033992,280,1057.146527
283.417019,277,1058.299216
273.696848,208,1059.152519
294.040529,285,1060.331064
281.688303,215,1061.217119
249.514975,180,1061.95982
276.233716,307,1064.151152
275.005683,293,1065.358417
287.213334,307,1066.643716
255.912606,247,1067.829559
-5.660106,115,1068.391632
282.467731,172,1069.226444
277.91471,306,1070.637798
289.42939,177,1071.376979
287.590089,191,1072.193149
241.850054,217,1073.234096
21.506028,119,1073.80489
293.65209,194,1074.738851
303.438534,283,1076.096582
15.32194,1000,1080.516607
288.797367,285,1081.694105
278.147829,303,1082.994942
276.034563,187,1083.873794
263.951769,270,1085.202286
285.578022,335,1086.812408
270.602255,310,1088.312307
231.557255,809,1091.934119
284.228653,222,1092.856356
288.271641,324,1094.2004
258.777898,233,1095.165285
285.6427,321,1096.493306
243.377988,194,1097.296661
267.488118,201,1098.128048
293.751046,203,1098.970856
261.125342,170,1099.676348
275.994729,198,1100.499988
262.005071,167,1101.194296
257.891968,316,1102.508412
285.116043,232,1103.625528
276.465169,188,1104.529224
272.468796,320,1106.064595
270.845038,338,1107.694308
271.934706,340,1110.451077
268.701514,209,1111.451455
243.212852,195,1112.399929
284.857245,179,1113.267762
234.814787,275,1114.590979
314.108101,239,1115.739383
278.820504,276,1117.071776
288.639191,172,1117.897641
267.409149,291,1119.306854
273.489693,294,1120.72346
268.530221,322,1122.263475
278.639643,236,1123.398219
289.847772,332,1124.990094
289.16472,268,1126.280386
241.980717,185,1127.177955
265.613078,288,1128.569014
255.916681,293,1129.988101
199.598455,227,1131.081476
298.791744,238,1132.225976
258.443368,288,1133.616521
260.283627,196,1134.56097
264.462152,298,1135.991208
266.487581,204,1136.970511
279.4339,255,1138.197487
231.633548,206,1139.19089
280.86843,204,1140.169778
285.22551,203,1141.142652
261.165708,356,1142.856978
267.85771,281,1144.202814
303.809384,269,1145.49649
224.665226,303,1146.954533
279.849904,206,1147.940417
267.129812,213,1148.970353
300.646608,273,1150.282811
287.073727,288,1151.674176
226.492799,197,1152.62487
263.500523,193,1153.560909
251.382224,335,1155.165153
278.060406,278,1156.496632
260.799633,201,1157.466521
285.470768,282,1159.682906
251.364071,173,1160.51565
292.431168,295,1161.937053
286.66524,262,1163.206654
-5.983546,111,1163.73757
256.174405,302,1165.186131
232.124662,223,1166.259829
312.225834,192,1167.187992
274.990487,245,1168.371157
286.430281,296,1169.799331
280.184368,210,1170.813937
297.189593,274,1172.140373
283.07997,285,1173.520083
259.498577,216,1174.567134
236.422312,204,1175.553332
251.739816,253,1176.770696
220.075691,176,1177.613719
291.037745,313,1179.116518
271.694298,257,1180.353177
266.307019,272,1181.534142
261.255494,298,1182.776236
277.159248,267,1183.881276
247.540803,258,1184.951015
224.642807,188,1185.728322
235.239485,176,1186.458101
264.261898,218,1187.360825
300.745407,286,1188.542735
233.965577,218,1189.443652
271.345127,299,1190.678272
254.352854,205,1191.531649
254.782281,299,1192.767745
301.758484,284,1193.939749
233.36815,201,1194.785121
294.209753,277,1195.934643
272.03746,406,1197.617545
239.416827,235,1198.588113
-46.971119,1000,1203.221091
253.025678,198,1205.121033
290.920297,258,1206.375211
263.391787,267,1207.572922
253.435657,194,1208.379438
270.069203,264,1209.481915
245.013476,192,1210.280894
272.920186,238,1211.291988
278.56735,171,1212.009895
293.037625,318,1213.330779
305.916096,227,1214.275599
235.385388,204,1215.120235
260.763415,202,1215.972991
261.662192,210,1216.855355
279.758394,259,1217.92588
280.930281,308,1219.294456
267.530324,252,1220.367879
277.49727,285,1221.737139
293.096435,271,1223.04471
270.333664,186,1223.93612
245.784112,188,1224.842588
244.486835,172,1225.688995
297.715948,235,1226.819582
281.068356,192,1227.73518
282.974636,188,1228.639818
260.186831,201,1229.61072
279.033863,199,1230.576606
251.789465,252,1231.797076
265.171758,304,1233.260377
266.59065,257,1234.397994
270.60173,245,1235.439154
284.887044,171,1236.151113
274.006165,329,1237.522856
288.139416,246,1238.54577
280.000853,276,1239.690847
-4.330867,1000,1243.833733
261.134357,221,1244.749889
216.393333,194,1245.631924
259.095086,263,1246.902014
292.089095,238,1248.052852
229.260843,282,1250.397511
298.993893,299,1251.657726
279.730735,191,1252.454924
265.268131,428,1254.231129
249.680403,199,1255.055753
246.608769,160,1255.720202
291.491487,271,1256.84883
267.387264,211,1257.722949
274.678276,299,1258.964228
232.042863,199,1259.791036
271.136474,288,1260.983445
276.112869,207,1261.845461
250.230529,224,1262.776797
262.693618,185,1263.544885
314.006184,194,1264.348884
239.567561,216,1265.240785
289.491737,220,1266.164071
295.43918,225,1267.095843
257.281038,185,1267.982955
258.542171,199,1268.896287
275.303189,250,1270.108722
289.431225,213,1271.137858
284.451007,231,1272.260462
269.728318,183,1273.14565
259.071619,232,1274.26995
288.609421,225,1275.357522
290.253328,253,1276.578933
268.66516,258,1277.82148
267.465303,248,1279.015374
228.899001,198,1279.91559
236.850734,183,1280.676015
254.248465,256,1281.739618
298.397092,213,1282.625202
247.659601,218,1283.529931
282.142508,208,1284.408433
281.249819,263,1285.542553
256.637419,244,1286.719173
296.609721,203,1287.701081
248.624202,205,1288.694942
268.556001,214,1289.726871
288.879129,300,1291.175042
270.624419,247,1292.365626
280.657482,177,1293.217922
282.994272,261,1294.476898
271.975393,197,1296.193569
271.16826,178,1296.925245
302.299902,266,1298.034188
306.88882,173,1298.755418
263.989025,269,1299.872482
212.514741,219,1300.783235
294.707745,205,1301.636274
223.461686,272,1302.770519
283.674209,219,1303.678037
292.460333,265,1304.872321
292.126727,175,1305.718035
310.733445,194,1306.656612
242.416345,215,1307.69298
221.306248,188,1308.590794
273.5651,180,1309.455768
254.704395,206,1310.446344
278.012125,277,1311.784833
222.389301,188,1312.692173
235.840936,295,1314.117993
294.315296,225,1315.203713
288.348023,270,1316.518016
203.194978,251,1317.591617
272.597874,217,1318.491205
271.583304,238,1319.481262
224.078993,294,1320.70517
261.848306,193,1321.504661
261.386014,178,1322.260537
299.303941,194,1323.132827
275.209931,199,1324.091521
299.204043,198,1325.045034
213.692615,189,1325.861983
231.281861,211,1326.766872
252.045464,184,1327.524527
306.244886,215,1328.420062
295.255911,329,1329.779596
255.260065,264,1330.874786
281.194641,194,1331.676988
219.050432,223,1332.593416
295.94553,202,1333.451167
277.583288,262,1334.533055
286.806694,261,1335.614915
265.87999,287,1336.79907
261.486934,185,1337.560168
298.586433,272,1338.688475
286.624307,221,1340.551398
273.710594,391,1342.185934
290.689708,240,1343.184692
256.934582,269,1344.308375
252.410609,339,1345.71435
273.692387,274,1346.844442
293.132387,211,1347.71292
291.660301,216,1348.683386
284.783513,227,1349.637932
294.299704,220,1350.548095
277.128363,260,1351.68627
288.802762,193,1352.480257
286.438173,322,1353.848053
294.104693,246,1355.028825
282.115217,244,1356.100917
123.968817,872,1359.777224
271.430833,190,1360.566697
256.040735,204,1361.412558
289.934727,327,1362.813181
265.516122,194,1363.745389
258.873123,220,1364.804751
312.783527,183,1365.681673
286.199169,202,1366.662372
235.312383,258,1367.913393
265.741578,256,1369.152066
254.533861,208,1370.152116
272.794411,181,1371.023299
271.455583,207,1372.020044
292.147432,163,1372.802919
251.573523,239,1373.951871
307.974262,184,1374.836667
241.922307,199,1375.800385
246.52297,190,1376.713721
294.647568,223,1377.770687
274.16501,315,1379.105523
264.457948,179,1379.842335
287.427017,245,1380.855517
221.470035,315,1382.240195
302.522184,215,1383.169228
276.999671,297,1385.19717
226.328276,174,1385.924278
279.820293,204,1386.833262
267.396616,179,1387.707149
228.099394,201,1388.673054
228.270953,180,1389.540616
283.749222,197,1390.503763
250.107935,196,1391.456901
212.382474,263,1392.728015
173.268545,758,1396.379943
269.024146,193,1397.310436
297.153358,263,1398.590915
264.555773,228,1399.688565
247.652636,262,1400.950678
243.910879,197,1401.784753
220.105721,266,1402.88669
293.702839,236,1403.895107
203.552076,204,1404.736238
295.275074,238,1405.719658
288.216615,204,1406.564376
277.597238,222,1407.483823
283.203579,316,1408.792653
282.949357,273,1409.921629
293.693906,235,1410.893134
280.137874,172,1411.603843
298.496753,213,1412.480845
247.724772,185,1413.246571
306.699071,210,1414.118041
318.169918,219,1415.030262
251.269552,177,1415.764758
238.401593,217,1416.668363
265.115934,177,1417.401413
287.873455,215,1418.290925
279.680211,194,1419.087749
270.006491,220,1420.061658
265.482145,346,1421.735324
199.514035,291,1423.140086
294.414361,214,1424.17078
247.691351,272,1425.484155
301.612348,263,1426.763927
260.032174,195,1427.700711
-39.218691,1000,1433.331295
265.689607,184,1434.098191
-57.899534,82,1434.439612
295.001083,251,1435.519203
-138.28332,93,1435.969179
-340.26652,110,1436.50137
279.008005,205,1437.490139
277.462957,236,1438.625386
-103.908622,58,1438.908011
-146.867754,100,1439.389629
275.466228,211,1440.408916
265.149229,212,1441.435329
218.441775,288,1442.824365
-129.960798,85,1443.24639
-116.971002,81,1443.634714
266.270594,259,1444.880443
279.305757,267,1446.166278
-89.09143,93,1446.617547
274.820701,310,1448.111948
285.941134,254,1449.336397
-110.088385,115,1449.894078
288.981238,243,1451.073151
-105.569872,137,1451.734578
79.027629,969,1456.330496
266.668423,191,1457.254558
271.57458,250,1458.465026
272.513631,271,1459.780905
271.558786,247,1460.970725
258.088163,184,1461.86112
251.714112,392,1463.745262
281.236246,187,1464.64866
267.533807,214,1465.679605
263.630598,199,1466.643692
259.067327,178,1467.502383
270.362083,233,1468.628521
238.539872,190,1469.550616
283.026037,199,1470.516448
297.747949,165,1471.309674
296.521566,208,1472.311523
286.90809,171,1473.135988
280.854684,229,1474.237601
252.963751,231,1475.347699
281.23256,277,1476.672463
271.230736,216,1477.587649
287.755017,215,1478.627643
250.082609,211,1480.378023
274.226996,183,1481.265408
270.628413,281,1482.625904
246.513427,302,1484.079993
308.448776,178,1484.933489
294.895419,237,1486.081577
268.362741,221,1487.144537
298.517576,262,1488.40855
268.911019,220,1489.470396
251.274846,243,1490.640536
272.808425,199,1491.598409
274.126555,157,1492.361482
267.286785,178,1493.226679
229.477109,209,1494.235003
276.010851,255,1495.4667
273.076486,245,1496.652124
295.03149,206,1497.646639
290.393322,251,1498.865694
231.987953,266,1500.147004
-3.436425,153,1500.888498
266.521169,195,1501.831349
277.48034,201,1502.803514
295.882039,183,1503.685061
275.277493,183,1504.573751
300.379023,259,1505.825852
286.760141,215,1506.864108
273.44063,219,1507.914172
302.898221,196,1508.863246
285.448485,223,1509.939914
287.003372,205,1510.930989
299.951409,223,1512.008337
311.62775,185,1512.8979
259.396219,208,1513.905014
262.943656,193,1514.838923
274.036927,305,1516.306129
291.018189,199,1517.129407
283.236198,203,1517.971372
271.390291,177,1518.703273
259.134238,280,1519.868414
276.473538,180,1520.618466
265.243244,206,1521.52585
231.200667,221,1522.439561
245.16015,181,1523.189957
276.81084,225,1524.128325
295.954334,210,1524.999263
259.694463,185,1525.765884
287.103317,169,1527.313286
307.086999,214,1528.201865
243.085915,241,1529.204287
252.094261,189,1529.991563
259.498973,250,1531.029672
256.430136,313,1532.44968
238.043926,219,1533.509147
267.106544,192,1534.434405
260.779227,229,1535.393957
266.021191,246,1536.414722
230.950787,198,1537.238795
260.775962,179,1537.979353
264.769378,212,1538.856287
281.847919,203,1539.697406
257.592282,218,1540.608757
242.817652,235,1541.765278
265.537489,220,1542.826017
274.67948,220,1543.893151
286.99388,320,1545.437172
266.411845,227,1546.532098
273.494491,186,1547.431504
246.449915,237,1548.570285
259.682029,204,1549.556305
246.349538,179,1550.421396
262.140096,205,1551.409378
261.153991,205,1552.401385
242.846827,239,1553.551024
299.802561,215,1554.521609
308.069041,247,1555.54145
247.305281,183,1556.300898
265.97069,221,1557.215692
292.47588,169,1557.911987
276.989312,221,1558.821815
250.685274,221,1559.733972
296.129752,220,1560.646296
282.382736,208,1561.505497
253.730949,210,1562.41227
264.619028,215,1563.406154
261.303519,208,1564.269269
269.768201,192,1565.089416
280.833075,173,1565.810874
278.726818,282,1567.053307
262.764234,187,1567.953057
293.857255,266,1569.064669
300.955852,202,1569.907254
289.330727,175,1570.632227
259.589762,193,1572.157554
299.586348,210,1573.030998
280.911557,180,1573.774638
268.054174,220,1574.714432
264.082022,206,1575.711651
290.218162,203,1576.692323
235.480149,210,1577.707517
222.69335,229,1578.807396
289.008209,320,1580.3434
261.864635,204,1581.327236
247.341462,199,1582.289962
252.390163,203,1583.274015
286.653503,206,1584.263152
251.867697,209,1585.269877
263.817493,175,1586.109137
277.42721,180,1586.974016
282.963717,203,1587.958609
263.232954,201,1588.927923
245.341293,258,1590.166375
283.546681,205,1591.15363
285.08963,220,1592.22388
298.47645,203,1593.19007
244.151839,182,1593.94302
304.72769,180,1594.689781
280.229087,182,1595.445079
237.979447,180,1596.193359
256.271865,179,1596.934235
291.213336,262,1598.123122
307.715518,198,1598.939369
230.406535,210,1599.909394
282.953639,206,1600.769383
298.929912,255,1601.870517
281.149543,173,1602.59447
296.476926,246,1603.613745
259.492684,172,1604.319652
277.362658,205,1605.170661
296.144208,238,1606.289158
292.391606,245,1607.39235
299.988176,217,1608.293334
302.168306,189,1609.080852
231.038482,206,1610.03909
269.176304,177,1610.889925
241.618391,198,1611.75403
269.095747,191,1612.594344
272.402984,184,1613.355546
263.018503,198,1614.175746
279.998875,171,1614.889501
286.243405,181,1615.642973
287.638111,269,1616.753988
304.9678,201,1618.51065
295.189442,239,1619.510911
275.053458,176,1620.289393
292.465072,184,1621.178617
263.858737,219,1622.205915
281.807925,199,1623.145931
264.777804,189,1623.937156
253.034609,217,1624.834252
271.287487,169,1625.628745
248.320799,204,1626.520083
262.604655,181,1627.307758
225.401543,277,1628.619248
257.078289,185,1629.386823
273.864508,188,1630.165911
284.226358,184,1630.964604
262.802389,178,1631.697842
214.008971,201,1632.637253
268.106041,192,1633.562288
293.984342,308,1635.036426
274.007724,168,1635.848038
265.13936,181,1636.721979
242.065138,171,1637.556519
293.090926,168,1638.360514
264.815758,191,1639.297972
304.413725,218,1640.352137
295.038746,199,1641.316385
302.60037,173,1642.159717
308.335192,194,1643.099329
292.16167,223,1644.180732
280.458357,193,1645.013284
237.51905,187,1645.787539
299.27711,192,1646.57954
285.870698,254,1647.693135
280.71299,184,1648.452709
279.497743,180,1649.199295
284.358641,188,1649.976951
289.303538,301,1651.353487
293.072441,244,1652.551932
278.088188,235,1653.687934
267.737381,222,1654.760858
299.101249,168,1655.571775
234.852437,179,1656.445601
268.816869,215,1657.486829
256.357707,191,1658.415649
303.158709,170,1659.238176
262.581873,171,1660.065089
284.094032,217,1661.118966
288.471084,196,1662.070515
230.723362,217,1663.122569
266.608619,226,1664.941405
259.06974,184,1665.830926
277.044214,412,1667.8198
272.182289,193,1668.751245
260.578923,191,1669.675189
280.711082,276,1671.00963
288.435449,259,1672.268515
256.005209,195,1673.204845
256.270677,238,1674.35145
303.308428,190,1675.261572
237.335861,243,1676.430675
288.862882,217,1677.477449
270.613719,187,1678.379481
268.418301,192,1679.228669
324.455517,193,1680.040863
241.896432,207,1680.891999
269.030908,173,1681.699432
290.760034,192,1682.623299
262.818914,212,1683.653154
263.142835,224,1684.728717
288.365922,189,1685.644736
273.435089,205,1686.637407
289.548633,237,1687.657732
246.704538,208,1688.52111
299.079119,229,1689.469265
293.150546,167,1690.161896
291.954367,263,1691.252488
285.296899,212,1692.14323
276.536279,203,1692.989097
269.579935,182,1693.740793
276.703004,195,1694.544852
297.364603,233,1695.54616
283.378896,185,1696.396634
298.655272,229,1697.349239
225.238356,187,1698.125981
280.221014,160,1698.790649
273.11794,210,1699.665385
300.804099,214,1700.551917
287.609181,238,1701.543777
246.153163,161,1702.219875
286.85017,286,1703.408405
276.181594,222,1704.333224
262.484716,211,1705.20798
247.313578,174,1705.953159
290.020061,195,1706.759993
290.47332,189,1707.545058
251.681519,227,1708.490359
294.600552,188,1709.995006
297.825106,204,1710.843956
271.913417,218,1711.750338
297.967859,176,1712.480402
284.018122,157,1713.135453
282.753975,374,1714.69519
291.577747,248,1715.85978
279.033957,208,1716.718618
298.714488,218,1717.631801
264.431223,193,1718.438526
233.084003,207,1719.300696
238.022718,193,1720.097458
277.310395,225,1721.029037
291.789315,212,1721.910297
282.111937,202,1722.751846
294.795645,309,1724.0467
288.079577,211,1725.001451
306.599343,280,1726.355748
289.404429,314,1727.884599
283.5183,202,1728.861341
310.307024,200,1729.826015
283.642651,232,1730.946304
259.64942,202,1731.914956
295.672416,255,1733.145798
265.225312,207,1734.14356
280.586825,214,1735.061362
268.42359,231,1736.031222
257.512574,204,1736.877214
278.863791,209,1737.741863
277.050308,192,1738.533633
259.42248,192,1739.329305
280.625285,214,1740.215268
267.871877,171,1740.920784
247.384583,196,1741.730607
270.640154,185,1742.498439
261.450525,210,1743.368817
263.793011,209,1744.365033
238.159137,190,1745.275146
299.390087,214,1746.299471
260.614586,212,1747.323662
225.527347,208,1748.322099
284.897012,211,1749.341456
309.090445,191,1750.262988
265.006545,217,1751.30959
234.863854,197,1752.266666
271.086056,214,1753.247801
289.451634,291,1755.171384
264.71834,185,1755.985506
294.099785,199,1756.955577
278.820536,189,1757.870423
255.103243,230,1758.950365
283.491635,205,1759.931643
290.502025,196,1760.874762
247.446432,182,1761.75233
253.356819,213,1762.787777
251.543024,179,1763.610236
276.373657,173,1764.326831
294.356104,200,1765.152953
262.368195,203,1765.993503
265.51894,203,1766.878897
268.736019,247,1767.90461
267.829885,187,1768.734517
266.295972,180,1769.541744
287.282067,182,1770.290795
267.697925,216,1771.182544
288.726458,241,1772.177204
241.720442,187,1772.954642
21.225101,1000,1777.159207
273.719086,225,1778.09083
285.803472,211,1778.962616
280.495612,179,1779.705041
296.344442,215,1780.592366
268.587871,178,1781.329964
280.611498,176,1782.056563
276.535336,182,1782.811016
279.62975,204,1783.661584
293.327272,235,1784.633169
302.266124,218,1785.531511
277.222635,157,1786.181947
281.127338,180,1786.986544
285.431517,187,1787.887954
239.411826,181,1788.757181
252.270071,175,1789.61141
234.289578,181,1790.48317
241.300213,175,1791.325883
284.120966,186,1792.225391
275.088889,181,1793.105657
252.314992,218,1794.155387
310.632782,278,1795.497714
274.324694,167,1796.3039
287.265414,217,1797.354404
277.211079,246,1798.551009
303.631244,218,1800.296982
256.336177,229,1801.26912
267.651123,201,1802.102018
275.770504,175,1802.824738
257.768792,180,1803.609339
301.52446,204,1804.45409
310.128072,199,1805.280825
301.347107,202,1806.126268
240.067851,201,1806.974565
264.957397,184,1807.737867
275.747381,216,1808.634957
241.171897,180,1809.375864
277.400799,167,1810.071265
270.416935,173,1810.790869
276.285462,222,1811.714806
262.196482,280,1812.883375
269.612391,211,1813.757041
288.541224,272,1814.885152
252.954654,187,1815.663876
276.334099,212,1816.539918
289.161623,166,1817.225132
258.373482,197,1818.041206
269.420357,176,1818.771852
261.116824,205,1819.622462
264.031116,248,1820.651664
278.037712,218,1821.549991
222.471523,220,1822.47566
237.96378,434,1824.285692
229.025359,219,1825.195592
294.176938,192,1825.988871
303.175058,244,1826.996324
267.885014,221,1827.925355
267.735585,170,1828.73817
277.314383,201,1829.59748
277.581207,198,1830.431891
286.509428,244,1831.50151
275.642106,201,1832.334163
282.438171,258,1833.403533
264.942005,211,1834.283766
264.196466,183,1835.051838
260.844102,208,1836.004916
273.793511,220,1836.917469
269.727045,217,1837.812243
270.626883,238,1838.813667
291.701321,247,1839.835031
290.353592,230,1840.787792
271.371245,213,1841.669978
269.961391,184,1843.199498
294.548628,214,1844.092185
290.933507,206,1844.950095
284.761603,212,1845.827
238.059521,197,1846.724634
291.969704,234,1847.686029
288.116136,232,1848.642672
236.884486,188,1849.494371
284.354892,214,1850.504991
295.855159,184,1851.271493
288.125995,252,1852.313055
255.846402,207,1853.168535
289.499887,215,1854.056194
288.431729,324,1855.401334
257.540015,203,1856.243729
266.521898,177,1857.035386
286.744644,204,1858.017789
229.595046,196,1858.962639
279.334527,186,1859.866157
294.8707,196,1860.810288
289.338535,190,1861.722247
280.355606,237,1862.867211
300.220322,251,1864.074263
285.115549,211,1865.093873
254.271142,182,1865.980681
265.864757,212,1867.006734
291.041675,293,1868.426229
280.937905,198,1869.387352
290.135565,188,1870.302844
251.215531,188,1871.209402
257.958562,186,1872.106718
297.281596,209,1873.11528
264.247724,185,1874.014593
279.357652,293,1875.434318
287.537604,242,1876.603377
291.683794,212,1877.640256
294.290745,242,1878.819221
310.536502,200,1879.785243
287.593117,232,1880.911903
305.590982,164,1881.711658
305.407962,324,1883.163842
262.234334,197,1883.981045
291.579,212,1884.861458
264.691369,210,1885.728128
302.923559,252,1886.772538
264.755907,179,1887.515141
295.635569,209,1889.134164
253.07812,195,1890.060962
256.515998,183,1890.941438
290.31551,166,1891.750087
247.823626,194,1892.647823
240.628412,190,1893.433756
292.587584,172,1894.148076
270.171945,407,1895.833283
292.235978,247,1896.982502
256.497484,190,1897.89991
230.2192,185,1898.793921
283.882572,228,1899.893115
301.84047,252,1901.112002
12.989476,142,1901.80106
271.653206,217,1902.842939
186.13141,377,1904.452845
258.534692,188,1905.304017
248.036538,197,1906.250739
270.451379,209,1907.167264
299.713244,218,1908.069588
295.480136,242,1909.06949
273.338289,178,1909.802432
283.923257,197,1910.619543
258.153165,169,1911.410521
312.619096,253,1912.622971
303.93481,247,1913.822641
297.754196,230,1914.935043
288.219905,189,1915.850335
285.838782,246,1917.031226
243.09425,176,1917.880979
296.102007,228,1918.976577
267.095131,220,1920.033697
277.5713,185,1920.92206
245.508596,196,1921.859747
238.192436,193,1922.791333
284.278657,232,1923.912017
274.533477,221,1924.974608
310.877995,178,1925.843703
255.741676,206,1926.840852
307.325223,237,1927.978759
305.265512,206,1928.97514
284.979291,185,1929.878931
282.825442,284,1931.253988
281.788799,188,1932.157964
263.781647,195,1933.116636
301.670506,247,1934.304643
302.08296,200,1935.266739
243.321875,218,1937.01336
261.465405,213,1938.050678
243.622944,196,1939.006404
279.432689,223,1940.079926
280.960929,207,1941.08639
300.175674,229,1942.187347
242.361104,190,1943.102391
300.030484,223,1944.184075
252.710733,198,1945.140765
302.938451,226,1946.234879
259.887255,197,1947.187249
303.272813,234,1948.276583
256.385805,197,1949.089692
248.019421,206,1949.945332
222.399691,269,1951.060843
295.987242,170,1951.77206
271.212865,212,1952.657205
293.051501,182,1953.407036
169.561913,1000,1957.653921
275.465041,198,1958.477321
255.827073,212,1959.359491
256.641819,172,1960.083372
235.757462,194,1960.891588
271.02864,210,1961.764739
277.512259,174,1962.48919
254.244505,186,1963.263824
301.401202,245,1964.28857
300.079103,212,1965.176907
297.040654,219,1966.088025
283.726802,189,1966.945635
257.643437,232,1967.905644
285.967459,178,1968.639943
284.191083,189,1969.422725
297.079308,235,1970.451974
302.444018,236,1971.562341
264.940256,204,1972.542526
231.807824,247,1973.732651
256.128856,175,1974.574569
269.864107,209,1975.585881
277.91744,229,1976.694109
241.200207,243,1977.86135
281.006639,210,1978.873987
294.78141,210,1979.899576
268.2997,182,1980.758063
282.655553,222,1982.570208
254.778446,183,1983.383729
282.759522,213,1984.270975
257.455699,190,1985.059006
283.537788,227,1986.004025
248.233297,759,1989.229389
233.025652,912,1993.256096
280.563601,206,1994.255697
43.157783,113,1994.797238
247.4249,194,1995.723756
249.866061,210,1996.595939
295.740541,206,1997.449377
283.757374,222,1998.372031
268.188539,175,1999.094117
284.35803,231,2000.048898
250.220744,192,2000.8449
274.988236,210,2001.711893
301.879902,232,2002.669763
282.538321,202,2003.509541
272.24617,210,2004.456717
269.957985,204,2005.306239
307.99805,240,2006.336659
279.50831,174,2007.059157
287.880291,217,2007.95582
292.513468,227,2008.896213
287.991175,217,2009.79375
289.357769,198,2010.615646
273.971252,202,2011.45642
288.767734,225,2012.450092
295.441509,211,2013.320738
267.415115,201,2014.159705
-16.892934,85,2014.511552
294.991937,172,2015.228348
293.16446,217,2016.131354
269.908336,178,2016.874472
308.9991,262,2017.960349
274.909699,201,2018.786906
292.009877,164,2019.466724
279.058526,165,2020.152119
263.985455,175,2020.87149
297.156016,211,2021.745288
260.868367,229,2022.691399
291.382683,258,2023.758679
290.064124,170,2025.373784
292.330051,165,2026.059841
293.565936,210,2026.927226
275.663046,221,2027.896128
-158.326856,276,2029.048007
294.548288,229,2030.011296
281.803761,224,2031.016847
275.138963,155,2031.655098
277.389702,201,2032.586168
286.173804,208,2033.583073
226.542897,225,2034.668265
263.32601,176,2035.52564
292.710372,237,2036.670194
269.640103,201,2037.54866
290.173753,200,2038.389993
267.103254,214,2039.280037
-23.342627,71,2039.595741
294.270183,216,2040.646618
294.961031,244,2041.832634
264.458184,208,2042.835695
269.519385,201,2043.800384
229.093137,196,2044.74366
283.400594,179,2045.60786
-2.299361,84,2046.006659
275.34804,199,2046.850772
250.74188,206,2047.707062
280.072315,212,2048.592799
276.736999,181,2049.339034
258.105971,176,2050.07247
273.073341,299,2051.315687
279.324567,193,2052.121024
278.279591,170,2052.827576
265.050742,202,2053.660119
298.030433,184,2054.425391
312.464669,248,2055.456323
297.493116,213,2056.34266
286.381593,187,2057.11762
262.09032,188,2057.894143
277.743778,174,2058.61775
268.908521,181,2059.37336
249.255807,201,2060.316451
277.527611,220,2061.24028
295.096765,238,2062.227819
262.588481,174,2062.956267
274.392357,201,2063.829545
221.346801,233,2064.811367
236.161239,198,2065.662742
229.541155,195,2066.483869
298.871704,198,2067.310767
240.409827,186,2068.08747
274.559444,172,2069.555381
275.194545,196,2070.450488
232.229836,194,2071.388029
244.962633,235,2072.522901
276.490881,188,2073.434247
298.752193,192,2074.367572
275.425319,210,2075.381368
244.494116,198,2076.312108
257.980568,211,2077.329767
278.189528,174,2078.169405
278.074937,220,2079.237855
288.528221,238,2080.391407
257.767472,223,2081.473072
230.891948,189,2082.385971
282.049837,181,2083.226754
285.553209,222,2084.182724
258.117097,194,2084.986085
253.736878,173,2085.733804
233.535253,203,2086.707785
297.862941,200,2087.672337
299.217822,198,2088.630907
228.082024,300,2090.073418
20.795153,94,2090.527681
293.828107,235,2091.661049
247.067956,181,2092.53493
278.25749,210,2093.551983
249.584237,202,2094.525264
288.76996,216,2095.566362
301.698026,245,2096.74843
281.899157,214,2097.780911
239.069841,208,2098.785058
255.896039,187,2099.686513
267.927699,219,2100.73328
298.092399,198,2101.671986
316.348465,267,2102.77757
244.028973,190,2103.568894
268.038187,215,2104.461935
235.361525,580,2106.87061
254.549052,176,2107.605407
269.188285,201,2108.440646
302.362826,212,2109.311679
287.029187,240,2110.30489
296.894627,209,2111.177775
274.71405,203,2112.022592
269.091935,222,2112.955625
267.634409,212,2113.838221
219.32398,173,2114.552267
292.986419,246,2116.239817
300.905708,241,2117.239499
29.453679,90,2117.610259
289.256898,200,2118.444205
271.171621,219,2119.38783
309.30328,259,2120.46095
257.444765,175,2121.185858
256.611502,183,2121.96399
253.141372,206,2122.820022
-20.450818,95,2123.214317
280.495554,206,2124.073549
298.946725,185,2124.839989
277.52595,174,2125.559156
265.1309,180,2126.304727
291.950962,173,2127.025007
297.822952,215,2127.962186
261.843739,185,2128.851661
257.977663,179,2129.710065
266.443648,202,2130.685689
267.261079,179,2131.54957
287.797312,175,2132.400711
267.965179,214,2133.431135
212.557463,517,2135.937182
260.58193,211,2136.9625
263.241279,218,2138.009392
296.685226,204,2138.996719
295.733942,188,2139.905587
281.254332,178,2140.755514
322.806667,182,2141.53883
319.483349,178,2142.281521
277.564622,220,2143.194943
313.939405,255,2144.254831
272.445723,202,2145.097013
291.0294,163,2145.774359
-96.301059,78,2146.099259
277.375373,183,2146.866264
259.837891,208,2147.733708
259.978632,193,2148.602681
259.886801,196,2149.415685
257.702031,207,2150.291994
279.345984,216,2151.188369
-113.867333,66,2151.461597
261.288805,213,2152.349433
277.88517,194,2153.160259
274.543538,200,2154.003695
285.632497,192,2154.933375
278.040165,180,2155.808772
271.013358,189,2156.724037
156.446853,464,2158.977807
275.503676,216,2160.018958
235.864885,228,2161.76879
267.720266,201,2162.742698
245.205716,184,2163.507788
264.001415,204,2164.362717
299.002103,239,2165.387306
263.486887,198,2166.211933
-109.676304,62,2166.470684
259.575676,183,2167.322064
289.858471,188,2168.108266
282.146553,179,2168.854806
250.452581,198,2169.678768
272.047068,183,2170.437001
314.083712,204,2171.280336
271.281449,189,2172.134641
280.61533,185,2172.961603
270.343671,184,2173.722139
265.787605,181,2174.471979
223.261235,226,2175.409401
282.463409,202,2176.26489
309.876901,263,2177.385303
311.769402,257,2178.564566
306.189522,185,2179.350568
276.000132,197,2180.184975
282.881578,229,2181.287859
223.988527,217,2182.326451
-16.505268,78,2182.704077
285.989923,219,2183.759709
275.250203,173,2184.604952
274.698892,216,2185.656064
-85.132209,72,2186.000704
270.20831,197,2186.943083
287.318753,200,2187.906626
303.540789,182,2188.785422
278.962218,221,2189.850663
255.215965,197,2190.804936
287.569809,228,2191.831136
273.171215,205,2192.832752
277.089716,217,2193.888139
267.9015,211,2194.918929
285.252745,200,2195.886884
270.469895,180,2196.727489
241.534235,191,2197.517609
-35.557772,79,2197.847493
293.027543,226,2198.77911
309.282452,193,2199.574919
271.170007,231,2200.542971
302.305897,209,2201.414221
307.321972,215,2202.306783
251.359998,235,2203.288113
290.405382,168,2204.097262
276.148572,178,2204.959501
277.406706,193,2206.596957
294.565328,230,2207.550577
283.868506,203,2208.504423
274.562035,201,2209.469985
271.201692,212,2210.494458
273.842913,220,2211.552674
273.371506,194,2212.491671
269.009438,225,2213.574566
285.890851,186,2214.477331
284.298484,219,2215.536537
295.690627,247,2216.732398
292.165618,186,2217.635437
278.761449,186,2218.54053
283.546452,207,2219.545007
-26.925565,81,2219.929951
296.710625,235,2221.063406
266.301308,217,2221.989027
239.701686,204,2222.839321
278.422758,182,2223.592335
304.671979,260,2224.676724
303.066078,189,2225.551088
233.250244,232,2226.551914
315.530591,185,2227.336221
301.757015,255,2228.405158
295.739002,209,2229.281634
302.693653,197,2230.095936
304.952059,253,2231.157071
268.226095,170,2231.890791
264.102593,216,2232.806341
233.53355,200,2233.643536
322.083697,179,2234.411548
293.577307,236,2235.548682
280.767413,204,2236.551792
271.575763,196,2237.513633
265.743172,208,2238.546355
256.309096,190,2239.47743
274.269804,185,2240.37271
310.921591,229,2241.479641
263.626519,174,2242.321083
276.324389,163,2243.107629
264.309255,268,2244.400961
285.411623,191,2245.340424
289.566217,175,2246.191853
245.674107,192,2247.123466
283.595244,224,2248.213366
279.893569,213,2249.257057
259.94153,190,2250.177191
285.023784,176,2251.0284
295.222215,199,2251.992543
