#{"t_start": 1785336307.8783274, "env_id": "Go2Locomotion-v0"}
r,l,t
77.362126,1000,23.751429
255.240755,1000,30.154093
91.839197,1000,48.165864
670.628569,1000,54.300893
287.809167,417,64.963695
58.320435,69,65.384529
34.658919,340,67.478992
330.651704,1000,73.522951
142.690024,1000,90.46993
179.953193,203,91.656953
997.086249,1000,97.700168
233.476489,845,114.392627
128.857969,1000,120.217727
767.936648,1000,129.730184
399.706653,1000,135.415803
403.376971,1000,152.553787
1041.183258,1000,158.273523
7.685226,52,158.574375
153.359718,176,159.627498
331.974754,448,173.544761
141.698246,409,175.956302
571.567987,771,180.474584
199.667874,252,181.933999
363.853036,1000,199.594632
899.483828,1000,205.403189
348.326537,1000,222.662884
48.691282,165,223.600654
83.29246,241,224.95435
303.894111,565,228.254035
1066.815886,1000,245.70102
102.832566,290,247.373187
688.741376,1000,253.153586
415.626452,1000,270.176868
1228.797865,1000,275.942273
220.581026,1000,293.098598
188.21238,1000,298.842274
1288.850356,1000,316.029785
1063.757138,1000,321.452983
939.365249,1000,338.43623
1245.229119,1000,343.484367
284.208277,1000,359.905165
893.374936,1000,364.760833
1091.916771,1000,381.313978
321.438028,832,385.767486
413.462847,1000,403.031935
1031.978002,1000,408.24293
936.134102,1000,424.803857
425.841936,1000,429.70877
521.024338,1000,446.013811
585.724172,1000,450.941714
569.644811,1000,467.307091
476.925922,1000,471.996783
1066.93702,1000,488.484729
685.396912,1000,493.353669
989.987293,1000,509.732872
541.692923,1000,514.526286
443.205017,1000,519.292703
1150.509411,1000,535.796004
797.223151,1000,540.658849
466.26186,1000,557.114529
533.192172,1000,562.002352
321.035419,1000,578.418971
579.170463,1000,583.182608
635.602642,1000,599.650411
724.979739,1000,604.461859
1210.36253,1000,621.007795
349.277242,1000,625.915337
241.289041,1000,642.429303
1293.504348,1000,647.409459
752.56403,1000,663.966047
289.336689,1000,669.038588
531.603363,1000,685.595258
449.731128,1000,690.50616
523.08095,1000,707.089199
796.080324,1000,712.016742
1247.47,1000,728.549304
291.476231,1000,733.4488
718.098487,1000,749.576709
527.176654,1000,754.37918
1410.661693,1000,770.914422
432.358984,1000,775.906154
1348.712758,1000,792.353905
242.48498,1000,797.35388
408.938722,1000,813.773309
1005.523612,1000,818.702802
500.868492,1000,835.109896
1107.214735,1000,840.371935
1214.056341,1000,856.954593
1097.933843,1000,862.143907
1231.276906,1000,878.792876
497.737673,1000,883.775815
660.111779,1000,900.108946
706.509707,1000,905.30858
605.111276,1000,921.522845
241.981577,1000,926.322734
1178.244454,1000,942.737671
1382.155452,1000,947.813157
916.700719,1000,964.488162
677.770742,1000,969.884037
866.492707,1000,975.169244
392.952545,1000,991.90256
1125.888859,1000,996.777675
1099.744042,1000,1013.133439
342.850356,1000,1018.128213
1049.974956,1000,1034.56743
358.626437,1000,1039.609403
491.844928,1000,1056.216435
483.90957,1000,1061.135311
387.072935,1000,1077.803828
1106.206362,1000,1082.847714
439.322001,1000,1099.409626
304.122561,1000,1104.214518
1000.702846,1000,1120.892282
282.986364,1000,1125.943669
881.045107,1000,1142.390945
792.346037,1000,1147.499315
1082.193819,1000,1163.870185
264.706568,1000,1168.616871
576.054175,1000,1184.820326
1161.210965,1000,1189.557218
289.132778,1000,1205.913743
957.500437,1000,1210.829266
245.65199,1000,1227.106838
1176.619138,1000,1232.022602
332.889287,1000,1248.501815
773.450219,1000,1253.207632
530.228143,1000,1269.497864
1087.627248,1000,1274.205636
864.435617,1000,1290.3926
429.928324,1000,1295.175466
517.896675,1000,1311.651606
630.262082,1000,1317.044385
989.31485,1000,1334.049191
273.876672,1000,1339.29103
573.399355,1000,1355.936533
1270.463371,1000,1360.744207
507.148757,1000,1377.130802
644.8664,1000,1381.985543
650.357253,1000,1398.488745
946.133754,1000,1403.228298
614.443767,1000,1419.370947
629.078215,1000,1424.631251
849.881367,1000,1429.651663
690.887122,1000,1446.193814
499.085924,1000,1451.296755
1191.078572,1000,1468.014242
345.130069,1000,1473.270559
512.642513,1000,1489.731157
929.39045,1000,1494.646556
424.21309,1000,1511.033472
777.580805,1000,1515.855609
457.922206,1000,1532.253865
958.01469,1000,1536.931703
790.466535,1000,1553.192199
1172.782949,1000,1557.943172
1180.723673,1000,1574.481339
449.902576,1000,1579.291473
1208.085232,1000,1595.652476
486.819738,1000,1600.510498
357.532835,1000,1616.795624
955.323876,1000,1621.747995
1054.2165,1000,1638.34551
1130.60608,1000,1643.323324
692.973985,1000,1659.592717
1231.454732,1000,1664.434963
749.590359,1000,1681.022969
1168.112442,1000,1685.762253
730.302286,1000,1702.17321
436.757338,1000,1706.954357
922.281084,1000,1723.292059
1194.887389,1000,1728.238964
181.944609,1000,1744.640591
530.777301,1000,1749.40883
362.12077,497,1752.042291
1124.977306,1000,1768.472298
590.25631,1000,1773.82668
899.964877,1000,1790.419726
243.804313,1000,1795.329475
492.586454,1000,1811.950734
457.064942,1000,1817.203858
591.299698,1000,1834.014482
685.119856,1000,1838.869099
1056.226937,1000,1855.217869
363.809068,1000,1860.224953
1105.420074,1000,1876.568351
1313.419619,1000,1881.466091
232.508194,1000,1897.925575
453.796061,1000,1902.921169
1183.004357,1000,1919.381665
358.977659,1000,1924.081214
450.47716,1000,1940.647176
491.854964,1000,1945.932595
839.203835,1000,1962.973804
315.656509,1000,1968.476019
889.669762,1000,1985.247931
1358.346488,1000,1990.744028
817.089942,1000,2004.374891
164.331152,401,2006.551666
424.753617,1000,2011.839017
443.484716,1000,2028.523541
1255.636872,1000,2033.782178
562.823315,1000,2050.583573
694.931861,1000,2055.911765
992.108901,1000,2071.999403
1421.156778,1000,2077.303109
1271.335109,1000,2094.043108
1132.411432,1000,2099.20939
1298.374063,1000,2115.826014
1023.548035,1000,2121.120388
586.533743,600,2124.239866
810.567233,1000,2141.305329
171.477584,1000,2146.645572
287.508921,1000,2161.684031
1190.811911,1000,2167.165977
503.521353,1000,2179.917976
1112.641544,1000,2185.10121
1144.883386,1000,2201.719414
354.038398,1000,2206.459618
973.539579,1000,2222.916312
414.687651,1000,2227.769943
687.709934,1000,2244.061517
300.069113,1000,2248.714321
970.970559,1000,2265.636424
836.848685,1000,2270.839189
752.961398,1000,2287.38027
1086.999573,1000,2292.3996
1291.785551,1000,2309.213403
484.044749,1000,2314.860929
861.692527,953,2331.404016
29.66205,187,2332.540084
237.947511,537,2335.765178
596.425662,1000,2353.141393
58.051785,260,2354.639974
1079.888262,1000,2360.368442
331.257379,613,2363.761429
1327.037445,1000,2380.969982
247.703514,615,2384.373398
252.386447,1000,2399.772067
202.813446,718,2403.59751
558.501473,1000,2420.303753
1223.392274,1000,2425.665964
326.651328,1000,2442.461367
759.419419,1000,2447.638166
1109.473142,1000,2463.797557
729.114743,1000,2469.01053
1328.701475,1000,2485.735367
1103.263834,1000,2490.769784
1327.514761,1000,2495.979373
655.246743,1000,2507.956916
1112.150029,1000,2513.296942
965.313544,1000,2529.558025
1166.609529,1000,2534.777632
1364.450725,1000,2550.229353
1350.398808,1000,2555.703295
1280.388491,1000,2572.524835
978.602169,1000,2577.88184
575.427103,1000,2594.625275
565.073007,565,2597.614516
394.948258,1000,2614.211242
178.358175,802,2618.521886
1381.75358,1000,2634.937662
1291.53364,1000,2640.358299
466.793771,1000,2656.566947
1287.83491,1000,2661.874415
1185.578058,1000,2667.08433
52.310674,98,2679.314505
923.971779,1000,2684.757543
461.553101,696,2688.54523
293.147252,1000,2704.423628
655.626964,1000,2709.681141
1159.859844,1000,2724.921174
468.015056,1000,2730.228009
480.73081,1000,2747.020407
569.87263,1000,2752.098335
563.486037,1000,2768.292866
46.992342,142,2769.043882
1206.70777,1000,2774.129105
186.162646,859,2789.989436
406.730825,1000,2794.992502
1018.889486,937,2811.172884
1128.655863,1000,2816.28704
1189.824665,1000,2830.890192
390.05199,1000,2836.071829
1399.0604,1000,2852.258941
75.086473,99,2852.826194
1022.237185,1000,2857.914775
1034.125371,1000,2874.276584
97.786356,246,2875.550025
480.189529,1000,2880.765909
120.619519,426,2882.972141
193.061676,540,2897.207313
833.270226,1000,2902.436356
575.222498,1000,2919.030046
311.071401,1000,2924.418323
276.977338,1000,2941.386853
592.323042,1000,2946.865834
893.758104,1000,2963.359868
1372.050977,1000,2968.556626
781.655159,1000,2985.149378
396.640736,1000,2990.406227
764.687341,1000,3007.187491
348.958818,432,3009.458547
347.189104,1000,3014.614712
632.209089,1000,3030.630191
835.988655,1000,3035.946085
1041.413591,1000,3052.463434
1025.716575,1000,3057.663365
383.06547,470,3070.950476
549.504024,1000,3076.318775
316.752977,1000,3081.607763
864.657797,797,3097.395008
568.606353,1000,3102.757663
819.256312,1000,3119.559078
203.323455,1000,3124.839267
95.882869,432,3138.703205
365.408566,1000,3143.929621
693.3445,1000,3160.778781
969.548549,1000,3165.927481
941.799078,1000,3182.509563
875.705849,1000,3187.752657
1335.258293,1000,3192.961873
477.326627,1000,3209.839593
1271.871336,1000,3215.059713
1178.408358,1000,3231.372863
905.565146,1000,3236.54493
711.23791,1000,3252.862349
586.327207,745,3256.59378
572.549898,1000,3273.472279
1327.609371,1000,3278.670539
510.500307,1000,3295.428067
330.358068,1000,3300.614229
1039.596756,1000,3317.753736
844.593939,1000,3323.165294
112.414977,166,3324.033165
1013.125559,839,3341.115931
870.267956,1000,3346.573002
552.154222,474,3349.063787
415.120121,1000,3366.964475
271.660091,243,3368.281689
397.024609,1000,3386.518789
299.59165,851,3391.136738
895.414444,1000,3396.681528
902.85807,1000,3414.298807
273.075652,1000,3419.352494
525.799696,1000,3437.212618
1107.696205,1000,3442.256108
1279.54338,1000,3460.24507
444.561212,611,3463.467851
243.15902,224,3464.707545
769.416307,1000,3481.45457
643.089898,1000,3486.64164
1278.594722,1000,3504.744093
799.217187,1000,3509.989176
1365.954892,1000,3527.729862
822.38164,1000,3533.030906
588.829941,1000,3551.347982
394.099734,630,3554.753922
630.112704,1000,3572.664802
1263.219684,1000,3577.994397
819.303204,1000,3583.354487
422.09699,622,3599.158033
489.167414,1000,3604.48236
622.652096,1000,3621.79758
56.076387,204,3622.859798
1212.089239,1000,3628.155174
809.658635,1000,3644.897772
1112.142861,1000,3650.223791
857.340749,789,3665.97703
641.612564,1000,3671.215121
469.769147,1000,3687.897591
230.59557,1000,3693.091484
779.858615,1000,3710.001362
520.601276,1000,3715.442938
474.557346,1000,3732.382008
799.161698,1000,3737.725782
374.143071,1000,3754.580466
764.27839,1000,3759.569574
633.585282,1000,3776.194834
1047.81413,1000,3781.601068
545.21326,1000,3798.484437
291.332056,769,3802.517198
685.48224,1000,3807.694964
618.387763,1000,3824.442933
161.352808,543,3827.232388
992.915121,1000,3844.224725
465.018503,1000,3849.566615
1316.511232,1000,3866.253947
817.823469,1000,3871.591342
997.362132,1000,3888.690144
423.788004,1000,3893.922242
977.394042,1000,3911.037883
269.850367,1000,3916.455956
505.651045,1000,3933.228436
585.302591,1000,3938.732152
416.389004,1000,3956.040333
825.128552,1000,3961.551253
317.251176,659,3965.047807
729.016817,1000,3982.637297
766.790063,1000,3987.839562
1211.582977,1000,4004.70442
813.153607,1000,4009.963667
206.730467,1000,4026.418275
1107.853368,1000,4031.710137
979.796422,1000,4048.426723
415.785454,1000,4053.71319
742.669248,1000,4070.604133
486.287947,1000,4075.827979
80.57973,210,4076.914666
382.474509,1000,4093.858471
457.181964,1000,4099.190948
685.379867,1000,4116.158583
425.41759,1000,4121.401819
543.374788,1000,4138.356726
992.925191,1000,4143.661455
1050.350847,1000,4160.62633
694.452218,1000,4166.072998
1087.356921,1000,4182.935513
1185.066178,866,4187.670454
1284.251993,1000,4204.623856
296.729151,1000,4209.883816
461.469372,1000,4226.9339
1077.669584,1000,4232.517235
531.940244,1000,4249.427863
491.430703,1000,4254.928568
892.28297,1000,4271.742423
1109.59243,1000,4277.046314
327.980935,1000,4294.109564
306.992123,1000,4299.377271
727.60811,682,4303.035141
821.0128,1000,4319.913341
749.974955,1000,4325.059423
946.639744,1000,4341.748035
1137.739747,1000,4346.808313
615.90745,1000,4363.563912
373.656701,1000,4368.757115
489.19473,1000,4385.790128
1024.596634,1000,4391.120491
724.744682,1000,4408.019516
1178.581149,944,4412.966815
948.747036,929,4429.958978
432.667708,1000,4435.034457
139.417595,296,4436.521401
614.519604,1000,4451.57162
460.398393,1000,4456.809622
1126.795357,1000,4473.673823
840.299331,1000,4478.750058
615.130098,1000,4495.774383
407.369777,485,4498.215856
120.018315,153,4498.98182
1017.544905,1000,4515.961597
303.381478,712,4519.698302
1150.8587,1000,4524.789866
457.791104,1000,4541.997497
788.845209,1000,4547.246975
514.324466,1000,4564.166584
319.440103,1000,4569.105267
855.085762,1000,4585.806737
561.490859,1000,4591.017018
374.092749,1000,4608.157689
1262.206552,1000,4613.036761
401.434679,734,4623.642424
172.964563,161,4624.523957
353.983089,1000,4630.064208
1195.958481,1000,4647.25535
1299.057979,1000,4652.394379
830.401223,1000,4670.259838
421.911484,1000,4675.356987
419.926683,1000,4692.654999
78.33508,198,4693.678573
627.363214,1000,4698.859018
1148.477326,1000,4716.615977
1212.053221,1000,4722.009238
75.246568,82,4722.469497
48.315523,80,4722.973305
52.026746,90,4723.465168
89.90924,109,4724.098073
177.509643,1000,4732.094541
355.129461,1000,4737.569325
453.244196,1000,4748.757157
398.258542,1000,4753.78343
821.29247,1000,4770.807307
448.316823,1000,4776.074321
359.829019,1000,4793.996826
236.238893,1000,4798.962123
787.387523,749,4814.981406
120.821141,125,4815.620765
245.255455,216,4816.844256
396.067767,1000,4822.113607
393.68641,1000,4836.595737
121.393605,161,4837.486466
110.449169,190,4838.537156
996.391899,1000,4843.906191
394.588287,1000,4859.741711
123.287835,131,4860.483666
454.956512,1000,4877.543638
949.878832,1000,4882.905308
322.939713,1000,4899.589981
720.661434,1000,4904.595616
905.033695,1000,4909.660774
374.882785,1000,4926.431811
338.429687,1000,4931.631966
524.423087,1000,4948.437248
676.198686,1000,4953.664989
415.891187,1000,4970.539131
548.748803,1000,4975.422547
581.166002,1000,4991.893519
877.826761,1000,4997.019858
679.896703,1000,5013.890337
395.537334,1000,5019.245463
750.947572,1000,5036.157035
733.745158,1000,5041.285737
890.006999,1000,5058.046783
1124.697575,1000,5063.213633
473.469065,1000,5079.996234
386.99761,1000,5085.368945
1214.041619,1000,5102.231683
1005.232034,1000,5107.464746
225.245059,1000,5124.318523
214.805212,1000,5129.431907
1202.453014,1000,5146.208034
543.273375,1000,5151.471353
253.328173,1000,5167.841796
870.95301,1000,5172.941234
471.680256,1000,5189.772377
617.868331,1000,5194.979737
453.010967,1000,5211.790702
446.110778,1000,5217.013663
510.858484,1000,5233.868377
618.333924,1000,5239.098799
363.023082,1000,5255.788871
1186.430111,1000,5261.110785
184.382548,1000,5277.825162
511.359423,1000,5283.099954
1400.712373,1000,5299.849802
436.35234,1000,5305.215751
797.617131,1000,5322.163048
506.481443,1000,5327.494106
1154.569513,1000,5344.27744
1060.632562,1000,5349.691199
486.96773,1000,5366.555753
326.21248,1000,5371.963166
442.713248,1000,5377.466975
703.569895,1000,5394.248225
1306.758834,1000,5399.453481
456.313645,1000,5416.373972
881.775451,1000,5421.50651
424.378684,1000,5438.304339
1014.456192,1000,5443.590252
531.475404,1000,5460.47053
1212.690587,1000,5465.811897
1048.783076,1000,5482.611433
332.568973,1000,5487.886887
1022.251536,1000,5504.83851
934.460279,1000,5510.171733
502.852988,1000,5527.032798
470.044015,1000,5532.436801
1131.949061,1000,5549.447075
860.918959,1000,5554.821409
550.593477,1000,5571.724873
489.738911,1000,5577.211946
656.373545,1000,5594.23549
1064.867226,1000,5599.649724
274.443413,353,5601.582101
489.348289,1000,5618.591898
493.964144,1000,5624.078402
587.055004,1000,5641.098313
473.010641,1000,5646.631278
524.294304,1000,5663.632903
477.150696,1000,5669.108863
1146.471688,1000,5686.207694
910.895642,1000,5691.725239
347.775503,1000,5708.619005
254.010408,1000,5714.150502
718.179455,1000,5731.130279
497.673629,1000,5736.404988
451.627664,1000,5753.251447
1183.11272,1000,5758.658989
498.306781,1000,5775.58362
734.579419,1000,5781.114647
1221.497695,1000,5798.301681
264.149484,690,5802.118447
913.563309,1000,5819.018605
817.772287,1000,5824.374034
307.1188,1000,5841.324837
876.430304,1000,5846.765046
1117.400046,1000,5852.109199
518.062887,1000,5869.078784
739.555129,1000,5874.632271
637.425998,1000,5891.485958
58.169475,153,5892.324634
1093.754376,1000,5909.227367
702.743319,1000,5914.615402
943.343375,1000,5931.478718
79.386794,301,5933.113376
438.72663,1000,5938.579482
769.456919,1000,5955.780444
410.152935,1000,5961.125788
210.242008,1000,5978.085114
352.393608,837,5982.606728
558.68919,1000,5988.078353
182.685143,549,6002.665177
1441.044146,1000,6008.077976
889.261848,1000,6025.040792
266.767972,1000,6030.487485
626.423869,1000,6047.222268
732.885615,1000,6052.556689
1164.323411,1000,6069.755768
706.005977,1000,6075.222034
308.282413,1000,6091.175079
351.146579,1000,6096.606153
286.112691,739,6111.392231
476.806666,961,6116.637743
362.533236,1000,6122.053831
61.245372,155,6134.041528
840.701364,1000,6139.599661
1143.359444,1000,6155.551246
1031.429832,1000,6161.142432
614.533716,1000,6178.326687
891.11741,1000,6183.865989
799.361108,1000,6189.312186
560.09838,1000,6205.864328
977.474744,1000,6211.333143
1161.978882,1000,6228.444067
923.404773,1000,6233.936115
522.365903,1000,6251.058405
488.848332,1000,6256.618038
1028.059331,1000,6273.132118
468.081914,1000,6278.615269
923.112501,1000,6295.789738
369.90832,1000,6301.251729
856.258533,1000,6317.677696
598.358146,728,6321.640079
375.247374,1000,6338.510543
456.660861,771,6342.651295
936.9798,1000,6358.796604
515.097456,1000,6364.231568
69.5842,173,6365.20032
511.0662,1000,6380.479244
779.647231,1000,6385.972765
959.067794,1000,6402.476396
503.203635,1000,6407.879395
835.904825,1000,6424.032539
1172.064378,1000,6429.521945
505.676355,1000,6445.934189
471.410977,1000,6451.327368
806.016039,1000,6468.283102
1030.783046,1000,6473.661282
1382.385483,1000,6490.431417
409.520086,835,6494.948239
716.590602,1000,6500.106724
1282.290915,1000,6516.851693
943.872402,1000,6522.450013
258.616506,1000,6539.807838
535.75659,1000,6545.39175
261.730832,1000,6561.588283
252.995595,671,6565.197605
1042.072386,1000,6581.706516
1001.802832,1000,6587.104252
500.908562,1000,6604.119665
828.852462,1000,6609.545303
789.572126,1000,6626.241115
416.368461,1000,6631.728308
660.026093,1000,6648.636104
1041.406265,1000,6654.005956
772.496227,1000,6671.295296
262.60483,1000,6676.898791
614.25464,960,6693.715715
217.128,939,6698.870326
1294.303871,1000,6704.225132
681.45014,1000,6721.314518
359.716957,1000,6726.781473
389.588941,1000,6743.560089
1032.957833,1000,6749.09141
587.557399,1000,6766.183666
936.650513,1000,6771.590612
1305.459374,1000,6788.124288
652.35621,1000,6793.526523
1036.696635,1000,6810.918409
892.869121,1000,6816.298452
487.882998,1000,6833.17524
499.073806,1000,6838.72197
810.164241,1000,6855.278705
1077.138266,1000,6860.701761
71.312756,293,6862.328687
565.413853,1000,6879.552352
333.120938,1000,6884.953666
1252.471206,1000,6900.987577
712.725217,1000,6906.517118
504.136135,1000,6923.552573
935.851167,1000,6929.016292
1085.50307,1000,6946.131576
428.401309,1000,6951.696359
356.136917,1000,6968.075199
569.371699,1000,6973.592655
1103.732831,1000,6991.153941
325.500311,1000,6996.78635
838.64008,1000,7012.95513
1094.460196,1000,7018.377989
814.858984,899,7035.14959
1435.810501,1000,7040.622996
1209.658638,1000,7057.340945
472.834932,1000,7062.873328
568.426027,1000,7079.56563
915.72207,1000,7085.135253
281.892805,1000,7101.852117
698.412676,1000,7107.306138
751.423955,1000,7124.474958
597.266132,1000,7129.963016
1323.36097,1000,7147.482217
545.08325,1000,7153.024521
1234.412351,1000,7170.289637
342.621382,1000,7176.001661
881.779629,769,7180.309031
920.923919,1000,7197.537576
679.603182,1000,7203.206707
640.837842,1000,7218.820657
505.51177,1000,7224.48065
1271.564977,1000,7241.124086
550.600575,1000,7246.955348
950.659061,1000,7264.218619
539.956773,1000,7269.733281
374.891296,695,7283.899877
593.192743,1000,7289.416652
564.626404,1000,7306.775062
1018.179331,1000,7312.305891
824.948468,1000,7329.617661
1138.192534,1000,7335.289727
603.03474,1000,7351.911553
837.99941,1000,7357.36454
593.871119,1000,7373.399887
416.321136,1000,7379.021547
1134.430307,1000,7396.056333
612.276547,1000,7401.738528
121.645877,454,7404.194954
461.486886,1000,7421.370787
382.832814,1000,7427.082529
747.549304,735,7443.115192
1399.002208,1000,7448.759397
543.884475,635,7452.358953
446.921,1000,7469.57533
400.94353,1000,7475.229877
238.488943,499,7489.440267
844.709308,1000,7494.964892
784.630074,1000,7512.07872
642.697481,1000,7517.694614
1001.015851,1000,7533.850019
586.317389,1000,7539.382302
611.698705,1000,7556.455547
1199.45593,1000,7561.947291
972.955967,1000,7578.513776
518.618735,1000,7584.194739
1308.438348,1000,7601.680911
495.962984,1000,7607.378783
1327.202014,1000,7612.91396
860.653114,1000,7630.031986
388.466697,541,7633.139918
583.855726,1000,7650.010841
405.794265,1000,7655.782984
142.625117,552,7658.786796
482.176848,1000,7675.714424
1314.238746,1000,7681.406374
1047.22111,1000,7699.098989
761.190634,1000,7704.653564
1303.178011,1000,7721.823843
1191.549134,1000,7727.227445
1001.032948,1000,7744.830824
243.502146,1000,7750.49636
1096.00949,1000,7767.733969
908.567957,1000,7773.468103
640.400479,1000,7790.444805
771.206883,1000,7795.933636
885.49148,1000,7813.129933
540.641633,1000,7818.79991
402.576116,1000,7836.193951
633.928823,1000,7841.797417
394.852276,1000,7859.026027
305.264874,1000,7864.815127
313.548793,1000,7881.819296
896.390219,670,7885.683109
579.141573,1000,7902.449888
1444.204505,1000,7908.118877
306.846793,436,7910.571855
462.03163,1000,7927.547434
1008.842007,1000,7933.252785
431.805316,1000,7950.914567
951.662905,1000,7956.533616
392.002027,1000,7973.897022
1086.212554,1000,7979.524698
1043.738384,1000,7996.115496
1017.461379,1000,8001.716378
557.006587,1000,8018.511637
217.766438,1000,8024.110441
656.21941,1000,8041.475341
1321.256218,1000,8046.975431
571.181925,1000,8064.275901
524.250292,1000,8069.943394
838.529506,1000,8087.467462
446.510723,1000,8093.030881
204.522786,1000,8110.077571
511.274595,1000,8115.632375
190.774503,539,8118.687023
1199.752291,1000,8135.987225
455.927157,1000,8141.453723
622.54934,1000,8158.477203
1213.099658,1000,8164.011914
654.966535,1000,8180.952486
527.149988,1000,8186.693178
481.667193,1000,8203.04606
428.581343,1000,8208.63457
344.127388,1000,8225.201134
1331.293294,1000,8230.756219
720.444071,1000,8247.481216
817.169149,1000,8252.947866
758.397683,1000,8269.946269
281.081678,638,8273.445944
109.457248,376,8275.455125
732.22187,1000,8292.56446
397.1887,854,8297.274589
1062.573108,1000,8314.292619
781.298684,1000,8319.722327
842.700659,1000,8336.70487
1244.265404,1000,8342.256887
612.461676,1000,8360.122869
416.913161,1000,8365.649421
540.674515,1000,8381.98528
380.391136,1000,8387.756376
1219.10057,1000,8393.525933
799.854474,1000,8410.513307
467.167387,1000,8416.164076
556.215229,1000,8433.335419
1190.793589,1000,8438.825368
488.251261,1000,8455.606272
1416.830667,1000,8461.29177
377.651798,1000,8478.546552
345.807222,1000,8484.196065
1398.99773,1000,8501.239862
429.43076,1000,8506.780861
1046.177771,1000,8524.256082
796.108984,1000,8529.979937
416.494652,1000,8547.025424
220.010158,1000,8552.684233
783.410257,1000,8569.527835
599.152563,1000,8575.193485
263.237667,1000,8591.827569
1223.951653,1000,8597.367095
492.859263,1000,8614.638324
485.829691,1000,8620.214845
1197.327277,1000,8637.351979
299.164173,254,8638.756718
617.605991,1000,8644.227842
1050.685198,1000,8660.106984
1066.030999,1000,8665.708802
1000.796427,1000,8682.847245
1050.472599,1000,8688.34024
497.65708,1000,8705.516655
755.816718,1000,8710.916861
888.354222,1000,8728.0828
1173.857921,1000,8733.880562
518.655466,1000,8751.032456
379.241071,1000,8756.797946
1230.751427,1000,8772.838547
244.903545,248,8774.302516
353.706159,1000,8780.094048
472.76617,1000,8796.80172
433.003605,1000,8802.510883
1394.113731,1000,8819.153739
323.019184,1000,8824.838958
1165.077259,1000,8840.186971
477.149697,1000,8845.869854
801.616238,1000,8861.617822
478.882675,1000,8867.301948
1143.792426,1000,8883.688983
551.963132,1000,8889.376276
1163.911766,1000,8906.003547
1015.018511,1000,8911.746885
498.235248,1000,8928.078206
560.570457,1000,8933.715293
565.008296,1000,8950.494422
307.806935,902,8955.3388
979.883047,1000,8972.288594
400.760602,1000,8977.865354
279.586286,1000,8994.447227
935.257348,1000,9000.00318
1200.52058,1000,9017.232042
1105.761868,1000,9022.804103
523.50965,1000,9039.243733
766.316883,1000,9044.937762
859.940006,857,9049.692072
888.397023,975,9064.261604
1346.145247,1000,9069.8392
85.310641,242,9081.753221
264.428312,1000,9087.473944
613.77204,1000,9093.215275
385.11438,1000,9110.495059
629.763526,1000,9116.369768
1203.896199,1000,9133.603822
1146.245578,1000,9139.383986
902.966664,1000,9155.51585
819.378995,1000,9161.143685
1318.497267,1000,9178.247303
978.744408,1000,9184.104351
1169.755255,1000,9200.893282
400.726514,1000,9206.532215
930.47794,1000,9223.89272
511.003655,1000,9229.44268
606.243907,1000,9246.03609
433.982764,1000,9251.504608
890.767263,1000,9268.500282
527.147777,1000,9274.238673
509.445976,1000,9290.999289
842.192913,1000,9296.556116
410.250625,1000,9313.825907
1051.306698,1000,9319.457179
343.571335,1000,9336.713539
309.676734,1000,9342.336285
458.190356,1000,9358.669201
1131.372002,1000,9364.233177
637.94455,1000,9381.215437
1353.451221,1000,9386.897617
446.664822,1000,9403.830619
522.184685,1000,9409.687809
733.796587,1000,9426.27273
740.041962,1000,9431.832328
481.879585,1000,9449.431818
702.041022,1000,9455.221062
546.808377,1000,9471.723351
990.151176,1000,9477.416819
201.010766,1000,9494.285139
503.295526,1000,9500.199345
692.135463,1000,9517.52157
839.844274,1000,9523.196393
794.173464,1000,9540.459718
1164.311451,1000,9546.13887
542.81905,1000,9563.009868
531.540289,1000,9568.423832
450.32327,1000,9574.04054
500.463171,1000,9591.196067
562.756795,1000,9596.78494
1088.52136,1000,9614.234613
701.140102,1000,9619.915827
343.422268,1000,9637.832221
260.687337,1000,9643.571338
387.886237,1000,9660.945466
1323.905756,1000,9666.727298
1114.604175,1000,9684.340477
665.959804,1000,9690.147005
1135.024449,1000,9707.502632
1226.288737,1000,9713.308906
403.564641,1000,9730.16402
802.529544,1000,9735.769165
311.634197,1000,9752.738579
738.290123,1000,9758.299601
567.821152,1000,9775.462027
534.825176,1000,9780.98515
1435.191877,1000,9798.211866
1094.555583,1000,9803.920035
536.816857,1000,9821.29746
1123.700325,1000,9826.887301
1141.768086,1000,9844.208421
456.931179,1000,9849.738388
496.318823,1000,9867.019021
738.077514,1000,9872.659332
656.137107,1000,9889.788352
832.971884,1000,9895.390452
1269.387083,1000,9912.513301
631.82132,1000,9918.210596
629.7411,1000,9935.404109
1071.695687,1000,9940.988296
460.506009,1000,9957.980332
382.943497,1000,9963.799418
809.038963,1000,9980.937445
1188.683972,1000,9986.475638
1173.96413,1000,10003.553625
969.568796,1000,10009.192519
497.489233,490,10011.896595
424.242831,1000,10029.147047
584.340161,1000,10034.788922
421.296014,1000,10052.050781
796.88485,1000,10057.794534
322.410711,582,10072.973071
409.942724,1000,10078.617913
767.999269,1000,10084.305367
995.874185,1000,10101.647008
1003.752571,1000,10107.245261
186.53884,1000,10123.884852
1055.143049,1000,10129.534753
506.401837,1000,10147.533406
1106.621726,1000,10153.253394
382.55065,1000,10170.982397
173.131929,1000,10176.51904
1138.603993,1000,10193.807709
520.565199,1000,10199.380165
1065.948821,1000,10216.160314
466.093261,1000,10221.752856
938.018322,1000,10239.903831
211.641058,1000,10245.590648
566.666731,1000,10263.239323
416.720354,1000,10269.065134
1218.542172,1000,10286.845726
1172.221263,1000,10292.593031
1107.31242,1000,10309.399003
474.777629,1000,10315.242699
1047.306587,1000,10333.036264
651.67788,1000,10338.770863
944.500917,1000,10356.512877
464.36258,1000,10362.252882
391.114165,1000,10379.152637
642.49296,1000,10384.983899
355.295376,1000,10403.672567
606.174946,1000,10409.515933
952.696616,1000,10427.577564
769.191462,1000,10433.249486
399.66607,1000,10451.785481
1222.455964,1000,10457.35993
866.647439,1000,10476.21765
564.550719,1000,10481.881379
1094.808282,1000,10499.784536
495.50043,1000,10505.472878
483.432585,1000,10524.417455
396.85107,1000,10530.219591
544.91016,1000,10546.551319
737.710122,1000,10552.352422
1183.688874,1000,10569.559901
462.503467,1000,10575.198636
624.559506,1000,10580.938717
1435.602839,1000,10598.726884
392.224017,1000,10604.407136
285.194034,1000,10623.06691
891.035081,1000,10628.767805
900.452442,1000,10646.041328
717.545577,1000,10651.720089
232.751818,1000,10668.754005
503.637349,1000,10674.380299
415.673007,1000,10692.377097
270.645203,1000,10698.15363
469.265695,1000,10715.039715
450.7784,1000,10720.731523
402.340322,1000,10738.1883
545.354479,1000,10743.766121
430.3137,1000,10760.87174
134.634225,319,10762.694525
676.793617,1000,10768.420708
476.156109,1000,10785.205615
912.084848,1000,10790.882044
804.132175,1000,10807.61206
482.716223,1000,10812.923683
491.988089,1000,10829.968205
1174.501207,1000,10835.418136
702.542645,1000,10852.659949
290.788688,284,10854.308655
1229.445523,1000,10859.924969
393.482064,1000,10877.513845
636.105573,1000,10883.229959
1367.839007,1000,10901.217582
507.992347,1000,10906.913825
296.41421,1000,10924.948091
225.00309,568,10928.230634
792.196826,1000,10945.636246
224.582478,1000,10951.460857
455.361574,1000,10968.982251
681.085063,1000,10974.679261
1405.622335,1000,10992.206249
1015.676159,1000,10998.089346
878.093174,1000,11015.289753
781.11906,1000,11021.097955
354.678038,1000,11039.812538
1087.010381,1000,11045.805583
500.726467,1000,11063.844168
1145.439194,1000,11069.803993
1287.181471,1000,11087.603554
169.211013,395,11089.913869
90.959504,288,11091.564996
629.063751,1000,11097.27555
489.283878,1000,11114.627723
1184.726359,1000,11120.232036
349.06494,1000,11137.830277
1083.813926,1000,11143.209556
890.903948,1000,11160.566137
531.447949,1000,11166.183536
404.576736,1000,11183.498086
450.644699,1000,11189.017874
578.855446,1000,11206.705585
474.815257,1000,11212.315942
1316.59553,1000,11230.468208
367.475771,1000,11236.034331
496.31605,1000,11253.378949
246.594011,1000,11258.97971
877.222437,1000,11276.365468
1175.907434,1000,11282.011881
950.314803,1000,11299.496266
989.950893,1000,11305.222216
698.380942,1000,11322.939489
1154.417852,1000,11328.483919
427.165953,1000,11347.176163
389.708441,1000,11352.869756
1070.33361,1000,11371.635962
582.217774,1000,11377.305229
457.291632,1000,11394.918012
467.312675,1000,11400.533911
436.936635,1000,11419.13498
922.631236,1000,11424.834929
384.065617,1000,11443.203223
508.877473,1000,11448.992242
1327.294153,1000,11467.672368
898.198087,1000,11473.445567
1186.548497,1000,11479.001895
1329.503958,1000,11496.367658
1089.772435,1000,11501.977327
415.857429,823,11519.372192
988.833582,1000,11525.059387
459.751572,1000,11543.058654
1276.556383,1000,11548.618848
665.0559,1000,11566.345481
1042.368525,1000,11572.023111
305.303529,1000,11589.144792
1001.559204,1000,11595.00448
1002.193464,1000,11612.916441
304.150756,1000,11618.462773
1051.812248,1000,11636.392484
840.94322,1000,11641.982723
1184.57206,1000,11660.095418
1103.29344,1000,11665.937066
336.849727,1000,11683.642452
532.528957,1000,11689.250364
1221.114759,1000,11706.862526
581.813119,1000,11712.581635
558.612533,1000,11730.466125
624.975456,1000,11735.89539
971.449535,1000,11753.321701
425.79082,1000,11758.954672
367.365986,1000,11775.709996
586.308591,1000,11781.189635
1208.443428,1000,11798.211139
595.3975,1000,11803.742833
651.767325,1000,11822.152143
918.514899,1000,11827.844451
825.599061,1000,11845.973778
386.906021,1000,11851.576446
579.92618,1000,11869.429208
332.927123,1000,11875.04547
490.865308,1000,11880.594328
1218.954625,1000,11899.124845
846.117747,1000,11904.690971
1086.198894,1000,11922.030766
1003.580134,1000,11927.694116
592.962583,1000,11947.209534
1117.523896,1000,11952.749735
1116.293036,1000,11970.744325
628.95887,1000,11976.36258
1371.678413,1000,11993.8138
1120.334354,1000,11999.507058
1052.895803,1000,12017.024995
615.221266,1000,12022.796772
204.161968,1000,12040.098203
590.787359,1000,12045.815113
475.393319,1000,12063.702101
944.408139,1000,12069.44944
777.818722,1000,12087.875824
576.83158,1000,12093.785436
486.701514,1000,12112.377709
1208.26994,1000,12118.271013
488.887948,1000,12137.519237
518.715658,1000,12143.374735
1237.379264,1000,12162.199681
930.162711,1000,12167.981709
1144.151722,1000,12185.979411
929.78553,1000,12191.639547
676.466513,1000,12208.939883
832.428558,1000,12214.551564
419.136199,1000,12232.076327
1076.002638,1000,12237.566805
956.144477,1000,12256.239405
786.250614,1000,12262.031501
689.897864,1000,12280.187747
1224.091494,1000,12285.724829
259.750144,1000,12303.375221
938.281203,1000,12309.057656
1001.476123,1000,12327.514697
561.56077,1000,12333.181995
540.796772,1000,12352.515829
1002.972256,1000,12358.299066
267.317099,1000,12376.845614
484.413103,1000,12382.667231
842.532675,1000,12388.472291
975.919134,1000,12406.887787
899.956877,1000,12412.884298
426.316408,1000,12431.816227
866.652015,1000,12437.835166
515.264046,1000,12456.422366
1283.853225,1000,12462.263182
1084.717939,1000,12480.468769
478.713712,1000,12486.1567
837.91169,1000,12503.498567
780.905167,1000,12509.26941
1276.443161,1000,12527.669831
1050.332389,1000,12533.468246
600.825168,1000,12550.778334
1032.323288,1000,12556.45928
970.683872,1000,12573.92967
390.346385,1000,12579.67142
538.296581,1000,12597.898266
1270.768925,1000,12603.738929
1229.979154,1000,12622.143964
935.183549,1000,12628.0847
1343.960723,1000,12647.309043
615.726824,1000,12653.005207
817.641425,1000,12671.12056
194.284819,1000,12676.808442
957.796218,1000,12694.865436
963.892227,1000,12700.823724
821.225825,1000,12719.473746
948.934476,1000,12725.480906
428.724082,1000,12743.871581
379.523513,1000,12749.652042
1009.303648,1000,12767.575674
1049.360616,1000,12773.470067
611.013605,1000,12791.527322
660.102089,1000,12797.38625
520.009644,1000,12816.180506
1140.961266,1000,12822.05212
1035.963756,1000,12840.744386
962.726368,1000,12846.795729
938.571413,1000,12864.873365
216.93124,1000,12870.737581
399.912812,1000,12889.294816
1083.797355,1000,12894.833998
1018.954597,1000,12900.557177
920.296844,1000,12918.067966
506.315497,1000,12923.577581
817.295614,1000,12941.387822
1247.709203,1000,12947.03988
456.996579,1000,12964.709511
549.649017,1000,12970.470677
1048.458101,1000,12988.178917
475.108919,1000,12993.7361
605.774409,1000,13011.917103
381.484798,1000,13017.589952
1072.577798,1000,13036.22986
1240.956916,1000,13041.897493
415.055513,1000,13059.280251
589.71632,1000,13064.873411
488.779439,1000,13083.431491
1181.354764,1000,13089.09462
862.267104,1000,13107.283364
497.254317,1000,13113.062538
1096.854961,1000,13131.307661
299.200375,1000,13137.016223
471.410531,1000,13155.11867
1103.289931,1000,13161.059934
1007.478114,1000,13178.918945
1046.458766,1000,13184.690284
1290.863205,1000,13203.26042
1044.699627,1000,13209.031758
424.54935,1000,13227.186994
508.168082,1000,13233.017737
1347.674533,1000,13251.030761
696.173879,1000,13256.945789
441.250649,1000,13275.376528
601.859795,1000,13281.310347
838.877625,1000,13299.603678
1117.845371,1000,13305.39633
1257.592595,1000,13324.258092
642.455122,1000,13330.328466
1083.527177,1000,13349.286742
455.563746,1000,13355.267924
403.690156,1000,13373.042881
364.031303,1000,13378.812238
993.993619,1000,13397.865167
1106.554258,1000,13403.757234
1188.980894,1000,13409.642562
1007.040062,1000,13429.505636
1151.570825,1000,13435.332233
794.179914,1000,13454.409624
305.56331,1000,13460.178916
1245.066472,1000,13478.281131
609.361987,1000,13484.255147
1118.259262,1000,13502.866003
547.723893,1000,13508.82345
785.316254,1000,13526.876014
479.986154,1000,13532.734901
431.034695,1000,13551.366404
729.304579,1000,13557.084086
211.930188,1000,13576.023039
988.519027,1000,13581.819059
723.15024,1000,13599.419734
469.94596,1000,13605.052773
435.22575,1000,13622.364683
491.56416,1000,13627.911779
1099.156466,1000,13645.806583
1197.01958,1000,13651.344323
961.922429,1000,13669.683771
636.117107,1000,13675.549419
1094.815495,1000,13694.488009
426.809744,1000,13700.121209
776.832896,1000,13719.345864
1142.251791,1000,13725.020771
437.741642,1000,13743.587889
423.770406,1000,13749.13239
1075.725633,1000,13767.833193
518.939579,1000,13773.61772
1280.146219,1000,13792.063403
630.190001,1000,13797.981874
358.059194,1000,13817.042414
517.931838,1000,13822.840968
1360.198878,1000,13841.417354
537.488551,625,13845.057684
964.816273,1000,13850.72664
1046.644867,1000,13869.946304
1432.763875,1000,13875.6374
1063.354189,1000,13893.066955
269.71175,1000,13899.004122
236.719814,1000,13917.736629
571.023553,1000,13923.620451
520.065131,1000,13942.828193
430.845468,1000,13948.811773
996.79076,1000,13967.640102
480.868816,1000,13973.614952
520.798844,1000,13992.497411
283.024128,1000,13998.553607
1013.694694,1000,14017.48765
661.740564,1000,14023.219994
551.039029,1000,14041.890912
789.937518,1000,14047.456396
1077.932733,1000,14065.285531
1033.538272,1000,14071.113593
397.287644,1000,14089.134787
443.724642,1000,14094.774553
629.035095,1000,14112.754431
1260.91391,1000,14118.368089
527.289906,1000,14136.069671
217.71348,1000,14141.849002
644.748982,1000,14160.42836
975.595106,1000,14166.324892
514.04851,1000,14184.911445
1285.145598,1000,14190.695968
1247.243495,1000,14208.967222
1144.111786,1000,14214.632279
781.457528,1000,14233.381397
613.042528,1000,14239.194317
1173.90702,1000,14244.942201
967.118729,1000,14262.826609
465.495526,1000,14268.444613
446.109782,1000,14287.171895
1087.953478,1000,14292.920646
814.855325,1000,14311.170923
830.034673,1000,14316.875072
249.093771,1000,14335.020034
1013.242931,1000,14340.874976
923.632342,1000,14359.108754
1388.848277,1000,14364.844942
748.565573,1000,14383.623421
654.404994,1000,14389.162127
717.515039,1000,14407.590208
1240.605154,1000,14413.218949
165.173266,505,14428.712422
1126.38739,1000,14434.322695
916.220568,1000,14453.229886
565.041102,1000,14459.081418
398.713321,1000,14477.84983
379.880421,1000,14483.532747
1130.079958,1000,14489.189511
465.822953,1000,14508.371369
1343.460813,1000,14514.281758
156.863962,1000,14532.778449
339.375404,1000,14538.666193
376.590052,1000,14557.946978
1184.555292,1000,14563.76495
565.594197,1000,14582.282352
746.160802,1000,14588.049741
486.687132,1000,14607.058049
1117.767348,1000,14612.952151
401.262646,1000,14632.190449
1250.249566,1000,14638.141763
1106.805224,1000,14656.968026
384.678811,1000,14662.777712
447.337093,1000,14681.408802
476.780321,1000,14687.252452
167.44639,276,14688.917293
1369.754558,1000,14706.471568
581.524342,1000,14712.536922
909.991706,1000,14731.107297
267.532509,1000,14736.757539
972.721262,1000,14755.172772
1159.994935,1000,14760.930608
586.239446,1000,14779.331244
532.83857,1000,14785.039914
1089.655338,1000,14803.013348
302.296,1000,14808.713197
568.413173,1000,14826.808094
275.246961,1000,14832.483237
1102.70825,1000,14850.825991
1152.086148,1000,14856.579125
673.043601,1000,14874.981184
617.459668,1000,14880.625299
314.969459,1000,14898.902063
529.47485,1000,14904.550386
1228.842067,1000,14923.029373
640.169225,1000,14928.625926
502.045305,1000,14946.150467
1268.328684,1000,14951.891924
816.999856,1000,14970.491113
844.839851,1000,14976.10308
490.215197,1000,14993.784093
669.228477,1000,14999.49075
453.094904,1000,15018.336648
415.819967,1000,15024.204118
316.974935,1000,15043.579562
513.39974,1000,15049.435275
485.216055,1000,15069.167633
908.614642,1000,15075.250447
1128.413697,1000,15094.265332
1009.810686,1000,15100.079929
355.362437,1000,15119.141851
579.077456,1000,15125.042222
551.448081,1000,15143.334644
321.436215,1000,15149.203895
534.971332,1000,15155.121284
443.377142,1000,15173.732599
1200.257434,1000,15179.482199
1009.762383,1000,15198.534046
642.840628,1000,15204.314673
438.915934,1000,15222.117929
1064.91967,1000,15227.742705
1175.497216,1000,15245.874809
1314.189145,1000,15251.40966
943.669147,1000,15269.366687
1187.244894,1000,15274.970537
396.962194,1000,15293.088907
463.792227,1000,15299.043639
1014.685234,1000,15317.019001
771.435462,1000,15322.817009
300.976121,1000,15342.026417
535.954055,1000,15347.897513
711.155022,1000,15366.169461
738.791236,1000,15372.020233
1098.0481,1000,15390.405088
1011.318709,1000,15396.186225
459.394788,1000,15414.041353
1002.872268,1000,15419.62537
1292.145288,1000,15438.368303
944.784618,1000,15444.241535
729.014974,1000,15462.86059
394.297775,1000,15468.590242
932.646164,1000,15486.159475
813.519604,1000,15491.811091
604.148267,1000,15509.975698
894.527047,1000,15515.862698
851.765722,1000,15534.260969
1215.191042,1000,15540.124421
552.380058,1000,15558.708624
1249.105168,1000,15564.406179
1149.856713,936,15582.737974
1121.43913,1000,15588.696976
493.675242,1000,15608.114489
1244.957665,1000,15614.130082
451.491245,1000,15620.160498
533.584568,1000,15640.123597
1088.644232,1000,15646.209887
440.075755,1000,15665.304621
517.884214,1000,15671.105855
566.979537,1000,15689.393843
1129.521652,1000,15695.064196
600.648332,1000,15712.888005
622.685953,1000,15718.53521
993.148994,1000,15735.922719
548.12303,1000,15741.65694
192.179116,1000,15758.986992
669.391375,1000,15764.641081
441.449812,1000,15782.345351
613.419952,1000,15788.054714
563.103071,1000,15806.367599
445.19963,1000,15812.171452
1371.180781,1000,15830.771475
1266.986938,1000,15836.563582
635.604504,1000,15855.009916
471.632658,1000,15860.999203
964.316834,1000,15879.62796
422.558652,1000,15885.421503
992.975463,1000,15903.948467
688.82919,1000,15909.812659
491.112398,1000,15928.043425
506.35059,1000,15933.874102
485.746266,1000,15952.348727
520.994863,1000,15958.089933
619.763297,1000,15976.296935
1398.244324,1000,15982.036772
782.60801,1000,16000.818966
619.608409,1000,16006.700466
628.194542,1000,16025.974765
628.021147,1000,16031.780996
492.338175,1000,16049.708654
767.30715,1000,16055.3209
576.993226,1000,16074.561417
1199.960541,1000,16080.458687
1169.23053,1000,16099.81689
1210.324456,1000,16105.708456
771.023169,1000,16124.823228
577.105181,1000,16130.602183
1230.240296,1000,16136.223428
1150.658823,1000,16153.851465
707.611784,1000,16159.7953
528.274051,1000,16177.870893
1191.629748,1000,16183.691808
558.067331,586,16199.298788
999.543793,1000,16204.993056
1048.67305,1000,16223.668663
1168.204758,1000,16229.557254
1143.170991,1000,16248.97552
1288.586226,1000,16254.803625
524.865883,1000,16273.311554
685.62821,1000,16279.164825
522.018728,1000,16296.849903
272.661504,1000,16302.645747
1187.801571,1000,16321.233068
974.904549,1000,16326.9402
1196.152848,1000,16344.928499
433.135768,1000,16350.752572
540.199502,1000,16369.137982
1085.399845,1000,16374.954647
1278.443086,1000,16393.656186
1152.019154,1000,16399.77338
824.324687,1000,16418.919968
1155.498078,1000,16424.879881
360.451479,1000,16430.804932
1000.731647,1000,16449.928262
758.331448,1000,16455.817066
1263.895147,1000,16475.462138
238.640124,1000,16481.297719
1220.015697,1000,16499.838759
877.292834,1000,16505.749567
454.566429,1000,16523.513406
929.325304,1000,16529.27598
571.954229,1000,16548.122376
398.810624,1000,16554.028038
723.803761,1000,16572.121443
1184.220905,1000,16577.938456
854.299726,1000,16596.942097
497.197112,1000,16602.81057
467.071124,1000,16621.448965
953.311895,1000,16627.227863
1118.600305,1000,16645.848432
419.237663,1000,16651.538453
664.709649,1000,16670.469688
470.594027,1000,16676.185562
1084.848227,1000,16694.679555
1104.571249,1000,16700.445644
278.559806,1000,16718.572287
1168.769308,1000,16724.396333
1064.265684,1000,16742.579307
686.62614,1000,16748.40882
1161.063909,1000,16766.710405
519.210356,1000,16772.454742
1005.246553,1000,16791.222024
477.244639,1000,16796.947046
711.132842,1000,16814.839066
829.20059,1000,16820.655325
1213.53851,1000,16839.264949
1024.075203,1000,16845.050848
763.506518,1000,16862.618959
187.283617,714,16866.719182
479.977051,1000,16872.508079
1077.390785,1000,16890.525532
1056.773531,1000,16896.382683
438.047725,1000,16915.588223
272.373253,1000,16921.363405
696.941028,1000,16940.057116
1116.581408,1000,16945.678804
547.636132,1000,16963.531373
454.517148,1000,16969.084472
807.010833,1000,16988.61915
744.657009,1000,16994.440629
1179.642308,1000,17012.945331
1217.864446,1000,17018.795075
1265.10515,1000,17037.868318
492.773607,1000,17043.787308
529.402667,1000,17062.442803
370.861188,1000,17068.207372
941.353733,1000,17088.208237
416.001438,1000,17094.202585
424.884495,1000,17112.977074
357.826058,1000,17118.708476
940.020648,1000,17137.616761
986.800124,1000,17143.517217
798.191755,1000,17161.990809
1109.940366,1000,17167.654334
322.956541,1000,17186.949591
330.492481,1000,17192.645414
412.12177,1000,17212.378668
1264.284095,1000,17218.296886
420.465636,1000,17237.33721
453.395225,1000,17243.23177
499.832875,1000,17262.202745
931.180238,1000,17267.723758
472.263422,1000,17286.022744
730.751282,1000,17291.74079
282.182167,1000,17310.918957
1001.92618,1000,17316.736141
483.569705,1000,17322.419698
910.77539,1000,17341.012128
599.733229,1000,17346.775446
1394.089626,1000,17365.383975
966.660211,1000,17371.107921
880.168514,1000,17389.41025
1224.306769,1000,17395.114007
468.517268,1000,17414.18684
1090.750354,1000,17419.85492
392.116351,1000,17438.097664
1246.597623,1000,17443.855062
872.126951,1000,17462.509895
752.5324,1000,17468.09411
407.080947,1000,17486.429722
692.913009,1000,17492.107342
832.139454,1000,17510.346656
964.763662,1000,17515.981997
575.063714,1000,17533.520191
775.403609,1000,17539.32689
806.559058,1000,17557.495932
1087.243561,1000,17563.363708
922.482795,1000,17581.813745
1198.275951,1000,17587.799911
779.579972,1000,17607.042308
595.078104,1000,17612.829478
596.726286,1000,17631.166868
396.101994,1000,17636.789865
460.866129,1000,17654.834347
511.486326,1000,17660.643796
1188.885002,1000,17679.568912
385.746453,1000,17685.481806
910.473853,1000,17703.433331
911.978221,1000,17709.340362
778.447569,1000,17726.899615
724.155619,1000,17732.640169
959.25977,1000,17750.708771
464.849471,1000,17756.622702
823.988051,1000,17774.950907
983.210792,1000,17780.875467
522.459571,1000,17798.933632
879.244927,1000,17804.752883
879.086619,1000,17822.728255
473.921625,1000,17828.53032
1033.037934,809,17833.176634
1026.984801,1000,17851.322548
601.092852,1000,17857.110724
418.837512,1000,17875.246251
848.677709,1000,17881.069854
462.849365,1000,17899.705535
1039.016266,1000,17905.686205
449.13184,1000,17924.343187
560.412393,1000,17930.025234
1134.626829,1000,17949.970298
1209.10141,1000,17955.762326
332.778716,351,17957.84688
515.881483,1000,17976.37234
966.171405,1000,17982.165689
1103.551701,1000,17999.662004
982.621047,1000,18005.322149
864.409154,1000,18023.262965
255.770685,1000,18029.124835
518.755275,1000,18048.962019
481.049895,1000,18054.742929
396.770253,1000,18073.185081
749.254588,1000,18078.849149
728.123915,1000,18097.148799
1252.414442,1000,18102.965163
856.839004,1000,18120.455481
1345.539763,1000,18126.057483
1349.456303,1000,18143.689144
1259.35445,1000,18149.319213
969.495874,1000,18167.888462
417.009802,1000,18173.63003
1295.507215,1000,18192.387848
1269.064425,1000,18198.348818
464.196514,1000,18217.347304
486.13925,1000,18223.115151
482.003481,1000,18241.287801
551.306754,1000,18247.138028
981.419459,1000,18264.875519
1258.257524,1000,18270.513044
622.549909,1000,18289.42156
808.800729,1000,18295.137462
1053.721268,1000,18314.391921
704.552416,1000,18320.308988
588.858177,1000,18339.06286
506.647325,1000,18344.954619
413.393633,1000,18364.591709
909.398228,1000,18370.536058
646.713107,1000,18388.922814
316.3282,1000,18394.785289
668.297808,1000,18413.859011
402.588371,1000,18419.722032
1053.169636,1000,18425.440563
827.923942,1000,18444.767797
1182.434784,1000,18450.561389
1394.128216,1000,18469.296765
1022.037816,1000,18475.087699
1206.50121,1000,18494.057526
1094.431756,1000,18499.985667
503.552798,1000,18519.036236
435.47798,1000,18524.831844
543.056006,1000,18543.193599
1136.364015,1000,18548.955393
424.415132,1000,18568.959104
1431.808592,1000,18574.885317
229.082227,1000,18593.07728
463.113994,1000,18598.715202
1092.859877,1000,18617.921869
1063.015238,1000,18623.821278
829.845433,1000,18642.33573
1057.132109,1000,18648.300322
575.150107,1000,18667.327966
435.851993,1000,18673.234223
1164.353759,1000,18692.371941
282.598953,1000,18698.204311
946.062712,1000,18717.790685
428.501542,1000,18723.729569
592.548386,1000,18743.034602
1163.177362,1000,18749.141575
1152.645235,1000,18769.399227
1038.015221,1000,18775.494026
1212.361757,1000,18794.467983
1053.840563,1000,18800.554005
1175.529273,1000,18820.922096
953.282931,1000,18826.911661
1025.682648,886,18846.470581
771.674679,1000,18852.426863
975.636469,1000,18871.857999
331.120712,1000,18877.779392
1153.375886,1000,18896.443382
971.0552,997,18902.391527
429.158988,1000,18908.377697
1234.379359,1000,18927.762872
925.29401,1000,18933.686683
405.595769,1000,18953.235713
1270.218565,1000,18959.188958
684.573633,1000,18978.843073
1074.242406,1000,18984.878537
399.0371,1000,19003.623079
551.869203,1000,19009.445644
780.013458,1000,19027.393904
677.080178,1000,19033.101632
1036.244346,1000,19052.420991
1101.587997,1000,19058.134393
1302.399467,1000,19076.859494
802.800647,1000,19082.563769
355.95957,1000,19100.570183
1054.406543,1000,19106.357749
1155.998951,1000,19125.072796
796.696666,1000,19130.942605
402.501803,389,19133.231277
1158.042859,1000,19152.250395
558.754504,1000,19158.22008
255.218434,1000,19177.140003
563.721746,1000,19183.085333
1033.819032,1000,19201.316335
639.182746,1000,19206.947206
1313.27712,1000,19224.780715
450.391133,1000,19230.734064
424.21452,1000,19249.513937
589.066831,1000,19255.447602
305.294187,1000,19273.600581
706.758139,1000,19279.474427
1199.731651,1000,19297.78806
869.665685,1000,19303.509197
1140.320787,1000,19322.617
744.779524,1000,19328.35322
1174.279239,1000,19346.440998
1139.951214,1000,19352.216871
673.467506,1000,19370.423545
891.192962,1000,19376.05535
299.146422,1000,19394.059341
457.023293,1000,19399.881016
347.570751,1000,19418.303836
1050.007622,1000,19423.83882
833.003181,1000,19442.199643
518.914613,1000,19447.95587
1003.500303,1000,19466.592986
795.124493,1000,19472.382499
1256.189026,1000,19489.754
606.035052,1000,19495.556362
862.749068,1000,19513.420993
1257.473359,1000,19519.137909
993.490865,1000,19538.010359
337.034859,1000,19543.772409
608.716049,1000,19561.812481
781.645503,1000,19567.590248
1187.070517,1000,19585.305852
364.443338,1000,19591.184488
1193.873346,1000,19611.00063
789.285463,1000,19616.830967
651.680772,1000,19622.645462
485.522008,1000,19641.11868
843.91472,1000,19647.023254
984.330614,1000,19667.252782
1043.085793,1000,19673.14458
1275.470172,1000,19690.606992
1218.028774,1000,19696.274969
436.58476,1000,19715.198326
506.842126,1000,19720.890677
438.358897,1000,19739.715313
1027.249176,1000,19745.368924
585.370292,1000,19762.82136
491.935225,1000,19768.413229
756.873591,1000,19786.202473
1152.146145,1000,19791.899675
583.366295,1000,19809.494818
449.539952,1000,19815.122459
505.837194,1000,19832.619751
367.72237,1000,19838.244242
258.008901,1000,19856.955075
667.541062,1000,19862.923217
1025.419168,1000,19882.545199
407.156158,1000,19888.283657
1311.401361,1000,19907.217017
1073.608316,1000,19913.081572
1109.82908,1000,19933.17144
1264.171931,1000,19939.086548
1329.005974,1000,19957.537835
507.244244,1000,19963.32374
1192.641897,1000,19982.868082
443.284967,1000,19988.635898
1214.699132,1000,20007.551764
393.84847,1000,20013.517867
552.194342,1000,20032.875021
1099.41917,1000,20038.604882
504.454687,1000,20056.430451
472.664097,1000,20062.174348
1012.801226,1000,20080.893735
1453.350775,1000,20086.739373
454.279644,1000,20104.878047
1297.854245,1000,20110.57986
370.866523,1000,20116.144545
733.424395,1000,20134.034443
344.389707,1000,20139.746442
572.282756,1000,20157.982435
1216.209542,1000,20163.775507
279.655843,1000,20182.301689
1071.516178,1000,20188.176984
1096.4251,1000,20206.872882
1182.507543,1000,20212.783255
781.338065,1000,20232.625644
1121.912385,1000,20238.518074
1226.129382,1000,20257.985148
1148.756606,1000,20263.710093
579.531912,1000,20282.958625
504.537134,1000,20288.785118
343.909063,1000,20308.302424
999.763247,1000,20314.103935
1186.478259,1000,20334.263868
408.626212,1000,20340.22928
718.913624,1000,20359.138935
467.41654,1000,20364.984609
592.834026,1000,20385.769831
1102.506955,1000,20391.391334
494.712835,1000,20409.178162
1008.624395,1000,20414.836773
521.71021,1000,20433.183133
1266.236067,1000,20438.88601
818.468252,1000,20458.487202
1267.605562,1000,20464.273463
751.71494,1000,20484.521827
1194.372026,1000,20490.360346
1237.754122,1000,20508.587357
1119.261757,1000,20514.178863
1098.039603,1000,20532.612576
1183.118379,1000,20538.576339
505.070705,1000,20557.569415
371.38449,1000,20563.402854
1312.688921,1000,20581.688979
1014.522185,1000,20587.511728
440.154702,1000,20606.446254
714.912971,1000,20612.312697
1120.187103,1000,20633.017854
630.972888,1000,20638.908132
681.072101,1000,20644.709799
479.708185,1000,20664.749195
937.326241,1000,20670.611399
529.480282,1000,20690.503159
1141.337385,1000,20696.433915
1127.08802,1000,20715.393616
512.209868,1000,20721.319901
554.065162,1000,20740.276318
1180.830564,1000,20745.872836
508.253062,1000,20764.142383
1255.83022,1000,20769.974021
1078.652419,1000,20789.950706
454.752454,1000,20795.912384
1333.261263,1000,20815.727181
1356.020771,1000,20821.65922
1108.295797,1000,20841.643903
953.46537,1000,20847.458295
1002.212734,1000,20866.468306
798.724111,1000,20872.360568
633.381618,1000,20890.981332
439.011576,1000,20896.708907
1075.421036,1000,20916.097498
850.643508,1000,20921.896907
1180.612608,1000,20941.229206
1129.274792,1000,20947.124751
792.554434,1000,20966.577864
711.311409,1000,20972.454299
1205.744818,1000,20991.698306
1151.100566,1000,20997.683879
425.977343,1000,21018.319659
1115.304859,1000,21024.473202
275.452546,1000,21044.57508
1222.56817,1000,21050.481791
428.129631,1000,21070.06137
473.75762,1000,21075.739835
870.8618,1000,21094.275814
1031.023381,1000,21100.077354
744.749666,1000,21118.332025
1182.982859,1000,21124.088492
335.701992,1000,21141.191712
373.619784,1000,21146.824142
729.569924,1000,21164.470925
1081.081317,1000,21170.010932
1021.268711,1000,21175.635432
1075.647239,1000,21194.976191
451.028972,486,21197.710756
592.50096,1000,21216.06598
288.716428,1000,21221.935921
647.584663,1000,21240.431998
1288.465409,1000,21246.280727
1085.599811,1000,21265.345868
530.660611,1000,21271.041136
816.1101,1000,21289.325466
1161.038684,1000,21294.852666
429.982367,1000,21312.733856
1306.941253,1000,21318.468089
689.71318,1000,21336.435937
1208.064527,1000,21342.342853
1036.921451,1000,21360.530915
800.445801,1000,21366.317336
652.983464,1000,21384.637611
674.976995,1000,21390.463795
1383.238772,1000,21409.421391
1172.252777,1000,21415.340229
498.450197,1000,21421.281412
217.86773,1000,21439.4357
274.743782,1000,21445.142626
750.372827,1000,21463.440464
371.434886,1000,21469.283671
619.75405,1000,21488.302634
427.593153,1000,21493.974363
1179.826664,1000,21511.30949
588.219761,1000,21517.154763
1336.887414,1000,21535.016526
572.075208,1000,21540.739207
619.515353,1000,21559.325174
1077.552093,1000,21564.956347
936.767917,1000,21583.355502
1240.349127,1000,21589.080812
852.981711,1000,21607.861743
393.847493,1000,21613.454996
410.903034,1000,21631.992903
1280.262609,1000,21637.586721
1105.935819,1000,21655.466605
1006.050774,1000,21661.156326
854.889808,1000,21680.699912
410.709573,1000,21686.359564
344.22011,1000,21705.302016
762.216973,1000,21710.945395
497.504839,1000,21729.422988
1031.654047,1000,21735.120299
814.386771,1000,21754.346905
701.707349,1000,21760.078092
728.171986,1000,21778.174079
344.393304,388,21780.408703
775.455492,1000,21786.109029
630.98468,1000,21804.649883
1211.138317,1000,21810.458495
404.546199,1000,21829.106647
852.631452,1000,21834.996236
1263.056098,1000,21853.113817
409.966355,1000,21858.863774
1136.526729,1000,21877.750822
931.806975,1000,21883.616358
1056.288698,1000,21902.962425
450.851684,1000,21908.706136
398.528728,1000,21927.095746
1268.192326,1000,21932.927799
466.465383,1000,21951.276431
317.003101,1000,21957.163063
269.829337,1000,21976.377378
1074.261151,1000,21982.343374
1305.087726,1000,22001.097287
960.180779,1000,22006.748759
428.661203,1000,22026.05935
966.74375,1000,22031.950581
1203.729632,1000,22050.035035
1110.699828,1000,22055.897763
1102.837571,1000,22074.796659
600.956718,1000,22080.617238
470.250309,1000,22099.709072
614.755178,1000,22105.46952
1052.253607,1000,22125.869282
1082.518131,1000,22131.80004
1065.098913,1000,22137.799169
496.490736,1000,22156.895119
1011.418651,1000,22162.867657
561.864443,1000,22183.472983
637.571048,1000,22189.442857
424.238157,1000,22210.040261
1141.664871,1000,22216.065099
334.479081,1000,22237.190843
1033.534824,1000,22243.060152
1002.894803,1000,22263.118737
744.481254,1000,22269.071043
490.218826,1000,22287.458664
1167.09921,1000,22293.211174
958.954138,1000,22312.836674
892.505443,1000,22318.524141
787.304392,1000,22337.876518
433.268746,1000,22343.502232
905.477549,1000,22361.675867
848.494084,1000,22367.379418
1127.918919,1000,22385.078737
1094.214231,1000,22390.699081
1249.28504,1000,22410.293553
292.810247,1000,22415.970798
783.985174,1000,22434.391838
1099.519045,1000,22440.050116
534.906782,1000,22459.300077
687.456453,1000,22464.910919
1148.857405,1000,22484.181827
457.441151,1000,22489.960715
577.620906,1000,22508.801381
428.53108,1000,22514.39807
703.262104,1000,22532.500488
1036.234185,1000,22538.280927
460.798527,1000,22557.511805
618.866273,1000,22563.142014
635.755448,1000,22582.468252
303.672325,1000,22588.35961
817.738576,1000,22607.215662
1145.872996,1000,22612.825386
514.31914,1000,22631.944062
1069.069965,1000,22637.745038
646.804695,1000,22657.809077
368.889748,1000,22663.510476
509.038242,1000,22669.185976
217.727087,1000,22689.00891
526.606518,1000,22694.879411
1234.955573,1000,22715.323714
439.261691,1000,22721.346796
911.93599,1000,22740.388909
532.158359,1000,22746.146619
404.537431,1000,22765.368029
445.003079,1000,22771.264332
1247.401434,1000,22791.797986
983.325693,1000,22797.509014
1263.597076,1000,22815.835777
513.933365,1000,22821.667143
781.587188,1000,22840.931854
1173.068999,1000,22846.793169
368.909095,1000,22865.671389
515.353819,1000,22871.53092
968.06377,1000,22891.563534
510.746393,1000,22897.277179
467.808463,1000,22916.026351
957.414499,1000,22921.743805
404.680729,1000,22940.556835
653.397299,1000,22946.281204
638.325911,1000,22965.982274
675.237995,1000,22971.721194
1148.611048,1000,22990.676047
372.143812,1000,22996.48223
1201.248508,1000,23016.263272
803.460345,764,23020.886866
430.426141,1000,23040.266315
1014.363835,1000,23046.240919
411.524182,1000,23066.991842
391.299503,1000,23072.959517
831.961864,1000,23079.018639
427.342677,1000,23099.01056
237.876673,1000,23104.766155
427.455208,1000,23125.036088
681.548481,1000,23130.820946
301.711801,1000,23150.952707
447.256134,1000,23156.766541
1119.746524,1000,23175.505419
283.048296,1000,23181.39362
807.71416,1000,23202.397826
729.332486,1000,23208.267705
757.863324,1000,23229.099587
940.412457,1000,23235.093369
624.229976,1000,23255.308821
1150.248271,1000,23261.358273
265.62002,1000,23282.324017
596.256336,1000,23288.341015
1275.111108,1000,23308.052452
1095.004358,1000,23313.96624
952.611459,1000,23333.468539
960.101581,1000,23339.40427
477.677951,1000,23358.820143
472.732506,1000,23364.631492
242.525089,1000,23384.893908
876.638897,1000,23390.788941
1029.033053,1000,23410.83673
558.511215,1000,23416.562645
1137.586154,1000,23436.18633
697.752471,1000,23442.02476
1264.078985,1000,23461.868937
321.854081,1000,23467.818632
1136.377374,1000,23487.933496
1400.625659,1000,23493.731867
405.778746,1000,23513.116508
811.017502,1000,23518.967146
609.07663,1000,23538.03829
999.875455,1000,23543.815798
247.60138,1000,23562.891833
1062.700339,1000,23568.797203
1192.156421,1000,23588.843396
1085.579772,1000,23594.845265
640.332648,1000,23614.576066
804.295791,1000,23620.509933
626.783987,1000,23626.505178
728.071652,1000,23647.248712
745.874452,1000,23653.116418
551.170036,1000,23672.505193
1033.817996,1000,23678.177283
1178.262825,1000,23696.702514
686.339631,1000,23702.456232
899.494894,1000,23720.760401
1307.347236,1000,23726.575169
751.494256,1000,23745.956495
1326.567659,1000,23751.853673
451.736883,1000,23771.470519
443.256996,1000,23777.246444
646.111162,1000,23796.626465
1118.653495,1000,23802.581806
225.067741,1000,23822.946859
1175.555328,1000,23828.674836
1047.294068,1000,23847.332963
619.809323,1000,23853.268824
746.304188,1000,23873.274588
1003.244781,1000,23879.209673
1082.044767,1000,23899.475866
932.406665,1000,23905.251457
375.3854,1000,23924.56977
595.554664,1000,23930.555889
1134.421252,1000,23951.212451
1240.059438,1000,23957.144073
1287.261203,1000,23976.109408
689.864449,1000,23982.028162
770.78821,1000,24002.619656
414.684692,1000,24008.66064
1139.576358,1000,24028.40178
1245.486475,1000,24034.433384
999.324908,1000,24055.445581
1045.874982,1000,24061.372252
302.308415,1000,24082.943987
1092.143595,1000,24089.108817
738.794857,1000,24111.075779
671.963689,1000,24117.289293
578.598283,1000,24139.098027
493.040519,1000,24145.197761
1205.651075,1000,24151.314198
888.979458,1000,24172.828439
966.006975,1000,24178.981536
981.227925,1000,24200.014403
346.667883,1000,24206.162563
297.052985,1000,24227.907273
334.23746,1000,24234.058965
696.525939,1000,24255.180141
1198.502749,1000,24261.156715
1369.729649,1000,24281.580497
1140.129808,1000,24287.753131
967.828532,1000,24307.961515
607.861388,1000,24313.997842
1104.97841,1000,24334.533408
393.688628,1000,24340.527308
502.351281,1000,24360.371662
1045.798544,1000,24366.510132
1104.391586,1000,24386.77911
864.607851,1000,24392.667116
1192.507893,1000,24412.478331
662.876797,1000,24418.563062
1179.596944,1000,24438.360093
143.684174,1000,24444.334274
308.878409,1000,24464.586957
653.594712,1000,24470.563625
802.917602,1000,24491.34223
1360.508124,1000,24497.433696
1110.258148,1000,24518.160703
705.449743,1000,24524.340739
256.24268,1000,24544.928209
518.685202,1000,24550.978799
724.347,1000,24571.666092
428.973192,1000,24577.831282
467.583302,1000,24599.445748
1186.305608,1000,24605.624791
406.420028,1000,24626.675931
665.189643,1000,24632.678294
863.85403,1000,24651.995408
457.112831,1000,24658.072495
839.313545,1000,24677.705796
1206.572253,1000,24683.713816
406.751853,1000,24704.810907
602.573822,1000,24711.077216
245.414845,1000,24717.220633
1230.532781,1000,24738.837338
896.378561,1000,24744.810077
1188.338502,1000,24764.422769
884.24935,1000,24770.632167
622.10139,1000,24792.575004
857.875811,1000,24798.85143
804.381326,1000,24820.865802
470.06048,1000,24826.976493
405.841003,1000,24847.733433
1013.081445,1000,24853.892571
922.228883,1000,24873.995333
1213.347165,1000,24880.055935
1303.045383,1000,24900.883806
950.34467,812,24905.788537
211.349271,1000,24926.481601
919.331552,1000,24932.476737
647.224671,1000,24953.324905
1264.964426,1000,24959.430376
1181.783618,1000,24980.044282
873.790372,1000,24986.268523
396.090204,1000,25007.447785
448.28483,1000,25013.633769
710.904947,1000,25034.643895
670.236328,1000,25040.758199
434.309434,1000,25062.055891
658.324348,1000,25068.24879
1176.245461,1000,25088.976883
408.403854,1000,25095.124028
613.684719,1000,25115.725296
791.618107,1000,25121.865434
269.183967,1000,25141.915431
997.653871,1000,25148.055605
1100.724581,1000,25169.279184
439.693262,1000,25175.366878
1119.617745,1000,25181.407036
1401.875379,1000,25202.410218
657.89921,1000,25208.657104
644.12292,1000,25229.602249
1108.342318,1000,25235.869214
791.640344,1000,25256.634255
1298.1793,1000,25262.82862
728.840422,1000,25283.693289
1074.413276,1000,25289.852439
522.614586,1000,25310.949137
1212.399648,1000,25317.046909
702.31244,635,25334.896184
506.767499,1000,25340.925492
133.607598,317,25342.782355
1140.433025,1000,25363.988551
825.648349,1000,25369.992298
1153.907943,1000,25391.116582
234.644676,1000,25397.315581
878.162768,1000,25417.827845
1162.934645,1000,25423.754427
720.067743,1000,25443.837559
884.582184,1000,25449.976285
881.205915,1000,25471.534721
993.054723,1000,25477.654971
1228.692409,1000,25496.571048
422.355037,1000,25502.722932
505.78197,1000,25522.486107
427.61325,1000,25528.679427
849.504357,1000,25548.698776
787.266699,1000,25554.897904
973.70411,1000,25575.533851
658.475353,1000,25581.688378
468.677403,1000,25600.283704
613.32497,1000,25606.367708
815.763473,1000,25626.806148
470.093501,1000,25632.937549
1071.041975,1000,25652.614797
833.066375,1000,25658.830207
742.369579,1000,25678.053749
850.044546,1000,25684.187101
367.873993,1000,25704.890481
802.728586,1000,25711.075744
937.460919,1000,25717.27639
531.504296,1000,25738.884322
528.700646,1000,25744.937994
616.956562,1000,25765.616999
1192.977195,1000,25771.69771
891.284104,1000,25791.578377
530.502402,1000,25797.655878
917.656399,1000,25817.935134
383.372114,1000,25824.090542
1017.027277,1000,25845.051546
608.869346,1000,25851.161939
192.864254,1000,25872.400962
1068.318964,1000,25878.553816
443.501515,1000,25898.69032
953.987355,1000,25904.745942
752.76948,1000,25924.908866
1204.554966,1000,25931.037645
1084.014419,1000,25951.153573
1321.151902,1000,25957.259526
770.607001,1000,25977.46058
1021.565508,1000,25983.649598
1093.32434,1000,26003.353537
1145.964281,1000,26009.585676
572.351112,1000,26030.744337
1213.870791,1000,26036.826833
1074.041694,1000,26056.479512
1028.049578,1000,26062.667463
400.319018,1000,26083.092683
485.25018,1000,26089.134202
1169.257309,1000,26109.907945
954.433253,1000,26116.019246
690.457752,1000,26135.314305
1052.429439,1000,26141.423509
1073.282062,1000,26161.624815
1272.680847,1000,26167.699268
1119.325148,1000,26188.343283
418.326766,1000,26194.520242
816.300938,1000,26214.967217
1017.420536,1000,26220.98802
1131.90098,1000,26242.043001
1230.411458,1000,26248.055809
473.385875,1000,26269.031554
906.119013,1000,26275.078845
710.64008,1000,26281.129366
539.932762,1000,26300.978016
818.878554,1000,26307.138253
1163.183758,1000,26327.988724
1411.932452,1000,26334.11706
706.252963,1000,26354.46782
320.16255,1000,26360.474674
1004.227869,1000,26381.176507
854.58439,1000,26387.440546
986.821941,1000,26408.534762
1162.126683,1000,26414.61479
507.304528,1000,26435.356285
1355.609049,1000,26441.397042
932.744444,1000,26462.155455
429.541991,1000,26468.25737
1025.928154,1000,26488.658811
636.576712,1000,26494.790214
993.388907,1000,26515.141805
966.190976,1000,26521.194298
505.159463,1000,26540.530741
1394.798181,1000,26546.542854
573.838311,1000,26566.334107
1298.116928,1000,26572.463482
934.177503,1000,26593.303164
879.867851,1000,26599.437111
806.11551,1000,26619.998698
447.193449,1000,26626.0452
982.77382,1000,26646.105154
756.214611,1000,26652.206045
1279.656459,1000,26671.64401
935.60852,907,26677.182836
1445.518496,1000,26697.516531
1083.832693,1000,26703.620218
336.867959,1000,26723.427632
389.800657,1000,26729.609295
396.853094,1000,26751.294353
1115.088799,1000,26757.553184
585.963049,1000,26777.519429
607.164576,1000,26783.70031
711.482538,1000,26789.833615
370.115238,1000,26810.06997
667.630471,1000,26816.137128
344.452937,1000,26836.475031
980.886964,1000,26842.582504
635.805882,1000,26863.027912
1307.586591,1000,26869.309296
567.596273,1000,26891.03738
1156.271003,1000,26897.04695
1085.491586,1000,26917.935292
1033.023307,1000,26924.079916
772.822627,1000,26944.308678
996.375195,1000,26950.317202
1173.025212,1000,26970.055586
1086.506971,1000,26976.231633
1209.008102,1000,26997.551504
507.094985,1000,27003.629719
1053.26528,1000,27023.472694
771.790969,1000,27029.624313
941.563915,1000,27050.540018
1089.687316,1000,27056.569353
723.511859,1000,27076.698752
565.041956,1000,27082.739737
180.617296,1000,27103.454249
1199.84446,1000,27109.536479
1179.680446,1000,27130.734805
880.465279,1000,27136.862455
444.039448,1000,27158.041963
603.513,1000,27164.175581
894.980327,1000,27185.645733
348.504116,1000,27191.80318
1351.219454,1000,27212.958756
954.961653,1000,27219.069478
611.665361,1000,27240.533683
812.518698,1000,27246.598865
1189.542825,1000,27267.303198
1217.896788,1000,27273.46996
1119.343758,1000,27293.760139
926.604027,1000,27299.998885
1303.937726,1000,27320.66776
531.834777,1000,27326.887759
445.623973,1000,27347.936681
685.214293,1000,27354.110715
794.365146,1000,27360.283117
595.004323,1000,27381.56248
842.963914,1000,27387.790782
648.677048,1000,27408.793351
1014.263216,1000,27414.97091
622.754744,1000,27436.59439
1079.451128,1000,27442.663386
891.51441,1000,27463.77686
647.859545,1000,27469.954553
1078.823269,1000,27490.40067
1021.337193,1000,27496.5135
254.440837,1000,27518.550487
1260.974414,1000,27524.700727
1237.486121,1000,27545.821756
1104.561614,1000,27551.897072
1192.710468,1000,27573.497092
162.47322,1000,27579.698988
976.617942,1000,27600.371247
635.896405,1000,27606.507737
964.489383,1000,27627.444458
941.041365,1000,27633.574328
452.386299,1000,27653.943813
1277.673779,1000,27660.010666
522.550625,1000,27680.962445
1234.44001,1000,27687.095846
1214.423689,1000,27707.660263
1316.73055,1000,27713.712859
655.980337,1000,27734.826267
1073.987127,1000,27740.914252
1380.298964,1000,27762.408422
506.853566,1000,27768.500502
434.923079,1000,27789.037335
986.792186,1000,27795.016523
378.733549,1000,27815.030185
614.361751,1000,27821.104033
1107.133229,1000,27841.948559
1176.507306,1000,27847.861457
344.130095,1000,27868.670083
764.367453,1000,27874.887016
873.378438,1000,27895.78335
1020.457712,1000,27901.981438
258.046489,1000,27907.959341
329.892637,1000,27927.979495
1113.11856,1000,27934.169601
1123.124971,1000,27954.518073
831.602707,1000,27960.535172
1145.286509,1000,27980.973108
680.802323,1000,27987.101901
413.484975,1000,28007.43149
1374.427285,1000,28013.400071
410.042939,1000,28033.941093
1011.799496,1000,28039.993352
693.147919,1000,28061.525125
1153.3105,1000,28067.496261
757.406125,1000,28088.03041
469.524173,1000,28094.013664
921.530977,1000,28114.226157
1057.601962,1000,28120.223875
636.967858,1000,28140.219515
637.478902,1000,28146.26796
1216.017604,1000,28166.045681
1047.242996,1000,28172.045501
499.966607,1000,28192.383028
658.459871,1000,28198.386081
534.895606,1000,28219.033573
1021.98966,1000,28225.046346
1294.48006,1000,28246.294547
605.227275,1000,28252.294597
1172.824407,1000,28272.293488
1120.832443,1000,28278.297536
874.585424,1000,28298.636523
492.5738,1000,28304.764912
412.950544,1000,28325.269624
1251.830271,1000,28331.424526
1289.771348,1000,28350.923844
1176.940934,1000,28357.159114
680.424301,1000,28377.800045
1167.027373,1000,28383.894424
849.740545,1000,28404.455981
932.921746,1000,28410.576863
1057.40578,1000,28431.465474
546.289295,1000,28437.632586
527.010898,1000,28457.824905
514.493162,1000,28463.950733
567.311762,1000,28470.065276
616.399357,1000,28490.39207
511.171236,1000,28496.635637
1033.422592,1000,28517.559177
696.455313,1000,28523.767105
949.259218,1000,28545.140727
557.227982,1000,28551.228643
719.272405,1000,28572.139423
1085.081171,1000,28578.204657
698.559603,1000,28598.582689
1293.656182,1000,28604.740977
748.030928,1000,28624.961578
1018.31599,1000,28631.103134
515.51917,1000,28651.085866
465.844573,1000,28657.095529
761.314095,1000,28678.297604
379.39508,1000,28684.415481
677.399737,1000,28703.889194
1066.285876,1000,28709.855744
469.526406,1000,28729.622171
671.189267,1000,28735.647175
899.535268,1000,28756.476931
1154.380859,1000,28762.613944
1383.897173,1000,28782.803249
797.288893,1000,28788.926896
744.847955,1000,28807.948234
1360.361305,1000,28814.03449
427.370779,1000,28833.693461
1261.954663,1000,28839.83539
396.84836,1000,28860.702519
1259.956297,1000,28866.897448
1222.990075,1000,28887.692622
908.653164,1000,28893.73191
544.923772,1000,28913.787836
1083.790786,1000,28919.828031
468.776937,1000,28941.918874
1245.963924,1000,28948.095283
707.035156,1000,28969.152156
436.40986,1000,28975.38359
574.923316,1000,28996.156673
415.014565,1000,29002.3429
343.38069,1000,29022.78696
1054.395946,1000,29028.944673
521.863586,1000,29035.107813
953.091041,1000,29055.004043
761.36281,1000,29061.093856
1383.603305,1000,29082.088749
1172.891778,1000,29088.226824
816.906243,1000,29109.006059
858.83227,1000,29115.126926
1210.704862,1000,29136.499779
677.313769,1000,29142.554178
1021.950504,1000,29164.533344
712.121725,1000,29170.699114
1133.708584,1000,29191.339349
537.773468,1000,29197.553717
959.329266,1000,29219.183676
1274.799074,1000,29225.28968
1132.371287,1000,29245.692448
923.919158,1000,29251.774743
749.105807,1000,29272.565706
595.334593,1000,29278.624834
520.045813,1000,29298.428508
685.44868,1000,29304.534642
182.887578,1000,29325.959594
522.032587,1000,29332.010156
675.605107,1000,29352.466491
1076.612495,1000,29358.575788
473.770761,1000,29378.312793
833.147377,1000,29384.241618
956.08709,1000,29404.558973
695.149983,1000,29410.732267
997.301973,1000,29430.960554
810.862606,1000,29437.123088
211.247121,705,29441.40751
436.713082,1000,29462.004755
583.571546,1000,29468.073143
1036.031057,1000,29488.734075
397.329873,1000,29494.785673
454.81737,1000,29515.758805
773.288916,1000,29521.87429
980.197862,1000,29543.288116
657.766918,1000,29549.412349
749.924877,1000,29569.689198
887.126495,1000,29575.882947
476.621168,1000,29597.929959
275.485154,1000,29604.032121
933.534572,1000,29625.461818
398.904819,1000,29631.620037
970.030058,1000,29652.108747
844.78432,1000,29658.149362
1151.971838,1000,29678.864291
1196.722952,1000,29684.984065
471.586758,1000,29706.23696
934.518285,1000,29712.277802
1262.603919,1000,29732.699193
413.177097,1000,29738.732816
1109.939146,1000,29759.209796
361.012126,1000,29765.304626
456.048818,1000,29785.671263
1228.471913,1000,29791.758135
1100.930233,1000,29813.041513
516.243543,1000,29819.124463
423.136684,1000,29839.467314
613.507542,1000,29845.541749
423.264489,1000,29865.506909
760.199406,1000,29871.626762
1086.630453,1000,29893.064784
1328.16284,1000,29899.167369
520.159243,1000,29920.260992
453.322112,1000,29926.439998
986.477983,1000,29946.196623
1206.712612,1000,29952.376297
441.535819,1000,29973.397825
1287.166287,1000,29979.468139
1078.327176,1000,29999.573212
850.009444,1000,30005.678263
1055.552376,1000,30011.682686
288.34831,1000,30032.840919
544.378959,1000,30038.95936
519.521378,1000,30059.313351
947.47556,1000,30065.365483
1076.910736,1000,30086.369429
1305.017208,1000,30092.473014
842.751989,1000,30113.125275
428.65819,1000,30119.218634
1283.784785,1000,30139.205701
456.533282,1000,30145.34036
495.052862,1000,30166.153645
716.046966,1000,30172.176128
773.202339,1000,30192.39397
1283.534001,1000,30198.49129
443.907374,1000,30217.254647
871.315909,1000,30223.432485
964.922414,1000,30245.043687
1003.396079,1000,30251.169281
294.29004,1000,30271.736321
1192.000947,1000,30277.780657
701.267843,1000,30299.323874
776.809974,1000,30305.538078
432.16815,1000,30326.610479
1056.131104,1000,30332.727042
1091.896933,1000,30353.036273
751.204912,1000,30359.219377
1274.494648,1000,30378.897881
133.143199,1000,30384.903271
470.711314,1000,30405.982324
960.740997,1000,30412.137881
382.63147,1000,30433.651398
648.110051,1000,30439.891359
481.220696,1000,30461.15228
552.690761,1000,30467.39602
443.605286,1000,30487.480657
1174.04444,1000,30493.518951
982.44618,1000,30513.295443
772.579037,1000,30519.446378
370.949541,1000,30540.384115
829.806558,1000,30546.538503
466.674701,1000,30552.532954
975.71969,1000,30573.06075
1062.930844,1000,30579.239725
618.035535,1000,30601.081661
1024.293232,1000,30607.153183
1161.357008,1000,30627.825077
366.71848,1000,30633.851477
750.933771,1000,30654.11975
814.731139,1000,30660.289516
882.792949,1000,30680.139723
1178.290822,1000,30686.236241
130.453621,297,30703.152279
853.403764,1000,30709.237286
1129.751029,1000,30728.471799
558.578212,1000,30734.623477
674.617046,1000,30740.817506
474.462536,531,30759.158134
585.542332,1000,30765.349974
177.604981,1000,30786.141834
364.81356,1000,30792.389274
1256.184374,1000,30813.028443
637.036954,1000,30819.127553
626.292132,1000,30839.916211
1066.047401,1000,30846.03197
1112.176899,1000,30866.475875
538.369291,1000,30872.683418
432.215519,1000,30893.581502
1012.945776,1000,30899.710173
483.007417,1000,30920.89187
1197.798618,1000,30927.07374
590.048643,1000,30947.119381
432.632621,1000,30953.286096
1238.828056,1000,30973.075669
819.265322,1000,30979.191567
836.682006,1000,30999.967036
555.366241,1000,31006.077211
286.907587,1000,31027.275084
612.148649,1000,31033.404986
914.439978,1000,31039.330069
1175.735993,1000,31060.325282
518.377915,1000,31066.341998
839.499171,1000,31087.962403
1240.137319,1000,31094.035661
1280.378285,1000,31114.179758
1185.457264,1000,31120.232534
407.398437,1000,31140.937968
830.305143,1000,31147.145851
309.7003,1000,31168.996327
479.528907,1000,31175.058225
60.604027,217,31176.374796
1252.016453,1000,31196.818887
676.32794,1000,31202.852721
978.50368,1000,31223.867897
774.191121,1000,31230.132172
792.181646,1000,31250.342188
1011.590695,1000,31256.371307
1124.245258,1000,31275.271432
952.626278,1000,31281.345541
139.175128,430,31298.778624
327.004967,1000,31304.75017
1194.874672,1000,31325.102537
1102.168927,1000,31331.229039
452.372645,1000,31351.928829
1131.417995,1000,31357.951773
809.039533,1000,31378.132572
423.717276,1000,31384.284176
1180.338207,1000,31390.356087
1148.696113,1000,31410.818932
1202.523992,1000,31416.843901
1106.720828,1000,31436.728011
886.556395,1000,31442.857437
442.963666,1000,31464.240685
1117.431508,1000,31470.366475
948.069297,1000,31492.089171
1044.074872,1000,31498.200125
1034.323455,1000,31518.567369
375.946239,1000,31524.631046
1276.660541,1000,31545.004418
511.493411,1000,31551.167403
534.040927,1000,31571.904416
1088.695701,1000,31578.039258
1201.146656,1000,31598.642337
944.590381,1000,31604.740016
997.379539,1000,31625.894338
347.796686,1000,31631.993545
1187.271715,1000,31652.512544
471.055014,1000,31658.681957
718.182636,1000,31680.082561
490.02371,1000,31686.229848
691.656544,1000,31706.639591
1122.865677,1000,31712.739516
426.05048,1000,31732.783544
768.010904,1000,31738.897532
1167.297187,1000,31760.127865
642.798887,1000,31766.206033
757.204015,1000,31787.466487
546.449351,1000,31793.616815
1296.956879,1000,31814.412903
1198.404371,1000,31820.474894
997.797924,1000,31840.815333
1031.819132,1000,31846.942974
541.519338,1000,31867.568582
1234.945948,1000,31873.737595
1043.034948,1000,31895.386181
467.656254,1000,31901.627869
907.692729,1000,31921.702327
963.887146,1000,31927.882288
184.347565,648,31931.821918
1118.696936,1000,31953.461618
767.017701,1000,31959.659031
667.662192,1000,31981.213562
445.563977,1000,31987.357327
744.417086,1000,32008.075824
329.827087,1000,32014.163796
666.038808,1000,32036.470332
1068.028676,1000,32042.47591
669.801714,1000,32063.768705
455.676683,1000,32069.970654
463.407027,1000,32090.769146
1218.603735,1000,32096.904897
714.603474,1000,32118.66679
964.1504,1000,32124.755191
924.198732,1000,32146.269124
639.810866,1000,32152.365109
976.120252,1000,32172.738385
468.583316,1000,32178.927869
459.621995,1000,32200.510406
1040.653083,1000,32206.536766
1174.111551,1000,32227.69215
411.874563,1000,32233.798333
1194.787394,1000,32254.411883
786.581084,1000,32260.510674
573.913793,1000,32280.981796
809.618201,1000,32287.172631
1030.723448,1000,32306.980953
1232.201695,1000,32313.060091
487.739257,1000,32334.108834
324.742814,1000,32340.103844
378.066389,1000,32346.233171
1145.716726,1000,32367.230275
1365.962581,1000,32373.292517
1111.885339,1000,32394.392591
534.961825,1000,32400.436184
516.760567,1000,32421.010311
469.847626,1000,32427.176014
799.845195,1000,32447.740811
1176.535446,1000,32453.900704
1167.874894,1000,32473.486356
703.306062,1000,32479.449883
649.552656,1000,32500.64229
1148.664259,1000,32506.720524
1224.754157,1000,32527.993023
784.973383,1000,32534.149777
458.339305,1000,32555.827867
396.047772,1000,32561.992236
349.300357,1000,32583.56745
1026.631781,1000,32589.716003
1290.04548,1000,32610.884129
280.539451,1000,32617.036304
1028.141311,1000,32638.345658
948.99934,1000,32644.491962
1056.007704,1000,32665.788563
1182.86796,1000,32671.936947
1200.452347,1000,32692.848313
551.176698,1000,32698.914838
1334.415849,1000,32719.65833
454.109113,1000,32725.731981
485.835539,1000,32745.608772
734.103406,1000,32751.733965
916.905979,1000,32773.204852
664.535619,1000,32779.422376
433.525909,1000,32800.53917
549.466928,1000,32806.645306
717.217969,1000,32827.610832
965.024058,1000,32833.71474
412.730074,1000,32854.44554
1281.938245,1000,32860.579777
390.547265,1000,32882.270458
493.920457,1000,32888.363552
475.523728,1000,32894.443593
1265.588209,1000,32913.976214
648.08885,1000,32920.149469
779.678569,1000,32941.174087
572.569724,1000,32947.324201
1173.168489,1000,32968.134262
987.649591,1000,32974.211244
1056.789622,1000,32994.732685
1217.321776,1000,33000.779845
677.716338,1000,33021.7374
595.6026,1000,33027.910389
493.929703,1000,33049.423827
914.175199,1000,33055.578544
350.611249,1000,33076.684405
425.829908,1000,33082.778673
665.181664,1000,33103.047498
673.894391,1000,33109.258008
608.077598,1000,33131.100388
1205.345967,1000,33137.242352
608.140675,1000,33157.972677
907.506076,1000,33164.049499
841.024993,1000,33184.544702
535.178991,1000,33190.629254
594.49183,1000,33212.471223
1087.966562,1000,33218.559469
277.169703,297,33220.372723
440.556239,1000,33241.232029
737.982016,1000,33247.287062
810.412557,1000,33268.768484
1105.228344,1000,33274.879973
1167.316545,1000,33295.809371
869.018868,1000,33301.904423
493.690268,1000,33323.003208
1136.478511,1000,33329.183274
804.849824,1000,33350.826467
1115.159228,1000,33356.903097
728.561254,1000,33378.468111
487.320401,1000,33384.60398
769.85948,1000,33406.557187
1168.368206,1000,33412.642263
1041.42215,1000,33434.438814
519.881893,1000,33440.554384
636.463867,1000,33462.018026
1231.453923,1000,33468.155622
1326.18025,1000,33488.926795
1199.592562,1000,33495.055529
531.374582,1000,33515.790742
977.090763,1000,33521.890975
1053.955664,1000,33543.132507
1157.84768,1000,33549.373256
1195.469342,1000,33570.633193
1300.403969,1000,33576.648704
408.415869,1000,33597.604334
283.209741,1000,33603.809301
1031.328984,1000,33625.540798
1040.820925,1000,33631.698417
440.91988,1000,33637.853238
824.467251,1000,33659.327522
571.291851,713,33663.690853
1136.203491,1000,33685.202913
1192.286273,1000,33691.262133
1192.599817,1000,33712.139302
618.044817,1000,33718.234685
659.391369,1000,33738.792761
1395.394979,1000,33744.884626
764.240674,1000,33765.722082
1081.598774,1000,33771.78569
865.864761,1000,33791.957443
536.645885,1000,33797.959858
694.546032,1000,33818.157144
1180.500877,1000,33824.231922
1162.252164,1000,33845.299282
510.145211,1000,33851.350194
477.01407,1000,33871.814288
1144.999021,1000,33877.930543
323.156145,1000,33898.983358
1223.50973,1000,33905.01892
646.632181,1000,33925.546769
1135.32055,1000,33931.593401
610.549956,1000,33952.363893
551.358064,1000,33958.489722
845.176365,1000,33980.046443
405.284372,1000,33986.212469
1218.298778,1000,34006.686545
502.663556,1000,34012.842604
1126.946879,1000,34033.045936
1035.973135,1000,34039.253506
1167.706947,1000,34045.37085
1254.249388,1000,34066.160717
644.742512,1000,34072.2403
981.329651,1000,34093.733956
649.867997,1000,34099.838624
730.158627,1000,34120.044687
440.808959,1000,34126.112227
1246.952194,1000,34146.60804
1252.700261,1000,34152.616383
843.37683,1000,34172.59273
1309.64191,1000,34178.719634
568.179123,1000,34199.107608
1187.189901,1000,34205.19637
904.37254,1000,34224.701188
423.330986,1000,34230.729625
707.295762,1000,34250.959699
855.48413,781,34255.692392
746.733966,1000,34275.408434
793.434056,1000,34281.512557
1345.147916,1000,34302.250743
800.276227,1000,34308.352267
380.687532,1000,34328.891928
890.949367,1000,34335.073098
678.087006,1000,34356.06907
686.540263,1000,34362.319135
1284.932602,1000,34382.786931
1028.991954,1000,34388.926882
519.637631,1000,34410.052284
538.886912,1000,34416.182928
723.758605,1000,34436.192046
1156.524773,1000,34442.355337
932.628968,1000,34463.419715
1370.864986,1000,34469.504539
893.950923,1000,34490.666238
512.255235,1000,34496.765059
1389.200124,1000,34502.927998
504.591951,1000,34523.438921
721.409166,1000,34529.585901
251.911127,1000,34551.091648
525.143153,1000,34557.159189
274.834558,1000,34578.755354
894.955629,1000,34584.940516
1202.163007,1000,34606.516883
460.273144,1000,34612.625865
429.183326,1000,34633.383318
405.136386,1000,34639.371866
444.576016,1000,34659.879596
829.675955,1000,34665.907607
1172.116031,1000,34687.778853
449.181109,1000,34693.872791
640.002861,1000,34714.638276
900.709586,1000,34720.732867
862.151047,1000,34740.78187
1016.338988,1000,34746.828141
597.86016,1000,34768.374764
816.68833,1000,34774.459043
739.525501,1000,34795.326458
1167.957194,1000,34801.520648
470.583043,1000,34822.888627
444.455916,1000,34829.052484
955.984227,1000,34850.321781
888.210808,1000,34856.4733
1077.295209,1000,34877.102115
1247.947309,1000,34883.215645
396.842244,1000,34904.333619
1100.750573,1000,34910.484158
1396.194633,1000,34931.604126
672.410845,1000,34937.68664
1278.008853,1000,34958.634648
511.457856,1000,34964.72855
1151.86196,1000,34985.951915
1051.399319,1000,34992.069709
1244.088086,1000,35012.578372
660.214587,1000,35018.77368
800.68958,1000,35040.165624
579.553786,1000,35046.29779
1080.617325,1000,35052.373414
1021.757234,1000,35073.156048
286.175686,415,35075.720202
1033.795996,1000,35095.717626
1170.644058,1000,35101.898019
729.789582,1000,35121.641123
1215.362953,1000,35127.767956
952.270855,1000,35148.186813
1073.177263,1000,35154.260278
443.984527,1000,35173.903473
533.784567,1000,35180.091849
859.782539,1000,35200.536686
1131.694926,1000,35206.734329
728.522933,1000,35227.420392
1338.758348,1000,35233.583278
951.499092,1000,35252.925145
1234.426863,1000,35259.087638
1021.835858,1000,35279.149879
1133.168707,1000,35285.277882
1016.559429,1000,35291.349662
739.186409,1000,35311.408726
459.464301,1000,35317.58488
1318.234577,1000,35338.582065
1065.294284,1000,35344.655362
639.874295,1000,35364.322714
934.697136,1000,35370.403249
1199.528444,1000,35390.876585
248.300011,1000,35396.96963
572.475982,1000,35418.145807
545.869626,1000,35424.255532
666.115835,1000,35445.959577
302.545693,1000,35452.044625
1312.285969,1000,35472.272612
949.587111,1000,35478.420945
1234.876537,1000,35499.696378
927.828125,1000,35505.871605
1019.103289,1000,35526.30849
1244.747954,1000,35532.493773
519.671811,1000,35553.665851
533.952132,1000,35559.800644
460.744309,1000,35580.622434
1201.919686,1000,35586.739581
1041.867253,1000,35607.724117
453.551842,1000,35613.754029
886.182618,1000,35635.211967
1310.744229,1000,35641.256177
1259.95998,1000,35662.026285
1100.83422,1000,35668.087173
498.622609,1000,35689.110663
478.943638,1000,35695.267559
1282.223725,1000,35714.84462
339.580326,1000,35720.950001
1215.250052,1000,35741.051899
1180.607739,1000,35747.049747
1201.090699,1000,35767.919304
981.005132,1000,35774.09148
517.014884,1000,35793.838734
1192.71485,1000,35799.930743
656.446711,1000,35820.087637
1177.03017,1000,35826.147099
1084.126229,1000,35847.280795
358.259995,1000,35853.338
695.571673,1000,35859.489523
1396.52631,1000,35880.589762
855.930137,1000,35886.673726
1233.941986,1000,35906.939682
657.536494,1000,35913.087471
1350.06673,1000,35934.014593
1247.655449,1000,35940.070702
1047.319575,1000,35960.757082
969.248669,1000,35966.865702
1189.779028,1000,35987.749647
416.010494,1000,35993.825326
1195.91498,1000,36013.905553
1286.262649,1000,36019.899325
893.879567,1000,36040.363478
1232.667349,1000,36046.488523
527.364407,1000,36067.176309
780.121594,1000,36073.31409
379.2365,1000,36094.028522
1303.465682,1000,36100.01625
600.094645,1000,36121.576546
736.541585,1000,36127.697668
458.001516,1000,36148.268938
537.763724,1000,36154.413638
573.921663,1000,36174.630209
1118.86618,1000,36180.67838
592.520069,1000,36200.005929
1092.016558,1000,36206.088205
1008.132138,1000,36226.349814
320.116267,279,36228.036028
478.511666,1000,36234.100484
1056.22151,1000,36255.211579
225.421529,1000,36261.355702
663.014105,1000,36282.190274
611.08882,1000,36288.22253
919.530893,1000,36308.30661
410.107975,1000,36314.413437
1040.400404,1000,36334.321382
487.917677,1000,36340.35163
738.794751,1000,36360.210299
1191.399772,1000,36366.332651
1082.955247,1000,36387.330143
394.860048,1000,36393.439876
696.299891,1000,36412.967862
339.152824,1000,36418.996957
1090.707168,1000,36438.794832
93.781563,113,36439.478336
962.201281,1000,36445.583926
1310.143145,1000,36466.210631
382.736517,1000,36472.39638
1401.444706,1000,36493.083693
1096.677029,1000,36499.185709
1408.092591,1000,36519.927068
614.161714,1000,36526.036453
1015.00825,1000,36546.85372
515.961579,1000,36553.020562
952.526641,1000,36573.187884
701.386148,1000,36579.339219
439.491402,1000,36601.100375
1149.865166,1000,36607.311068
962.248826,1000,36628.972488
507.463647,1000,36635.080634
423.02378,1000,36641.133848
834.243951,1000,36661.959826
806.921407,1000,36667.985612
1136.418296,1000,36687.997637
811.005403,1000,36694.219839
1023.507312,1000,36714.969115
1101.132913,1000,36721.0862
777.710947,1000,36741.300694
1269.784851,1000,36747.40572
491.754865,1000,36769.152148
440.224771,1000,36775.291521
417.281323,1000,36796.535431
765.547968,1000,36802.657037
1129.822456,1000,36823.31671
305.193436,1000,36829.526706
1251.011254,1000,36851.071135
1328.916638,1000,36857.19099
466.886168,1000,36878.839153
1156.100215,1000,36884.957242
596.831183,1000,36906.431147
827.309123,1000,36912.457994
1153.217574,1000,36932.922044
306.675213,1000,36939.067995
1236.964682,1000,36959.193277
847.548589,1000,36965.326186
1399.918947,1000,36986.685404
857.395977,1000,36992.683257
989.282467,1000,37013.56369
736.171994,1000,37019.616961
959.067779,1000,37040.11954
325.406122,1000,37046.13147
1125.413266,1000,37067.318124
1206.212902,1000,37073.449623
1009.778021,1000,37094.721147
581.022537,1000,37100.907393
805.961998,1000,37121.914695
764.588394,1000,37128.050143
712.305222,1000,37148.614947
614.850499,1000,37154.74631
1366.506984,1000,37175.89193
1219.117903,1000,37182.023449
1259.545847,1000,37202.755264
446.937819,1000,37208.767704
1014.514568,1000,37214.849652
385.937404,1000,37234.895094
651.013527,1000,37240.92637
957.876748,1000,37262.01965
504.124252,1000,37268.145811
967.392964,1000,37288.995384
720.255684,1000,37295.123264
1114.377613,1000,37315.651135
924.487323,1000,37321.730945
975.325606,1000,37343.194239
1032.19483,1000,37349.279679
1226.363544,1000,37370.24589
192.980663,1000,37376.332157
718.662502,1000,37397.219374
1080.100036,1000,37403.285313
1122.234798,1000,37424.878255
1246.509541,1000,37431.023883
590.413867,1000,37452.624682
946.938398,1000,37458.685018
590.356343,1000,37479.736284
350.541893,1000,37485.779846
848.852449,1000,37506.262906
1196.074735,1000,37512.273903
432.553798,1000,37533.210062
1141.21062,1000,37539.365325
308.434191,1000,37560.846997
1250.199401,1000,37566.963768
795.76781,1000,37588.249177
1032.274697,1000,37594.344979
515.079832,1000,37616.224008
1254.869966,1000,37622.457966
591.744039,1000,37643.31251
1233.46643,1000,37649.385655
281.587781,1000,37670.527833
345.566916,1000,37676.613684
1183.325008,1000,37697.758544
563.673423,1000,37703.831123
1248.795664,1000,37724.744312
455.121801,590,37728.323962
962.035931,1000,37734.303307
1236.626254,1000,37755.819617
822.205523,1000,37761.918204
610.219708,1000,37782.550794
714.404206,1000,37788.61307
1046.385589,1000,37808.215271
1135.088142,1000,37814.318626
849.804666,1000,37835.121385
619.585998,1000,37841.186951
